//! Auto-generated — DO NOT EDIT BY HAND.
//! Regenerate with massa-standards/smart-contracts/gen-wmas-bytecode.sh
//!
//! Fixed WMAS bytecode, embedded as an in-source byte array so the patch
//! carries no external build artifact.
//!
//! Source: massa-standards smart-contracts/build/WMAS.wasm
//! Length: 29113 bytes
//! sha256: 4db528b941d4370987d32c4a299b3629e5134ca05ab1cde6715ee31b5776f6c7
//!
//! TODO(release): regenerate from the reproducible, audited build of the
//! actually deployed WMAS contract and verify the sha256 above before enabling.
#[rustfmt::skip]
pub const PATCHED_WMAS_BYTECODE: &[u8] = &[
    0x00, 0x61, 0x73, 0x6d, 0x01, 0x00, 0x00, 0x00, 0x01, 0x59, 0x10, 0x60, 0x01, 0x7f, 0x01, 0x7f, 
    0x60, 0x01, 0x7f, 0x00, 0x60, 0x02, 0x7f, 0x7f, 0x01, 0x7f, 0x60, 0x02, 0x7f, 0x7f, 0x00, 0x60, 
    0x00, 0x01, 0x7f, 0x60, 0x03, 0x7f, 0x7f, 0x7f, 0x01, 0x7f, 0x60, 0x03, 0x7f, 0x7f, 0x7f, 0x00, 
    0x60, 0x00, 0x00, 0x60, 0x04, 0x7f, 0x7f, 0x7f, 0x7f, 0x00, 0x60, 0x02, 0x7f, 0x7e, 0x00, 0x60, 
    0x00, 0x01, 0x7e, 0x60, 0x02, 0x7e, 0x7e, 0x01, 0x7e, 0x60, 0x04, 0x7f, 0x7f, 0x7f, 0x7f, 0x01, 
    0x7f, 0x60, 0x04, 0x7e, 0x7e, 0x7e, 0x7e, 0x01, 0x7f, 0x60, 0x02, 0x7e, 0x7f, 0x01, 0x7f, 0x60, 
    0x01, 0x7e, 0x00, 0x02, 0x84, 0x03, 0x0b, 0x03, 0x65, 0x6e, 0x76, 0x05, 0x61, 0x62, 0x6f, 0x72, 
    0x74, 0x00, 0x08, 0x05, 0x6d, 0x61, 0x73, 0x73, 0x61, 0x1e, 0x61, 0x73, 0x73, 0x65, 0x6d, 0x62, 
    0x6c, 0x79, 0x5f, 0x73, 0x63, 0x72, 0x69, 0x70, 0x74, 0x5f, 0x67, 0x65, 0x74, 0x5f, 0x63, 0x61, 
    0x6c, 0x6c, 0x5f, 0x73, 0x74, 0x61, 0x63, 0x6b, 0x00, 0x04, 0x05, 0x6d, 0x61, 0x73, 0x73, 0x61, 
    0x1e, 0x61, 0x73, 0x73, 0x65, 0x6d, 0x62, 0x6c, 0x79, 0x5f, 0x73, 0x63, 0x72, 0x69, 0x70, 0x74, 
    0x5f, 0x67, 0x65, 0x74, 0x5f, 0x63, 0x61, 0x6c, 0x6c, 0x5f, 0x63, 0x6f, 0x69, 0x6e, 0x73, 0x00, 
    0x0a, 0x05, 0x6d, 0x61, 0x73, 0x73, 0x61, 0x18, 0x61, 0x73, 0x73, 0x65, 0x6d, 0x62, 0x6c, 0x79, 
    0x5f, 0x73, 0x63, 0x72, 0x69, 0x70, 0x74, 0x5f, 0x68, 0x61, 0x73, 0x5f, 0x64, 0x61, 0x74, 0x61, 
    0x00, 0x00, 0x05, 0x6d, 0x61, 0x73, 0x73, 0x61, 0x18, 0x61, 0x73, 0x73, 0x65, 0x6d, 0x62, 0x6c, 
    0x79, 0x5f, 0x73, 0x63, 0x72, 0x69, 0x70, 0x74, 0x5f, 0x67, 0x65, 0x74, 0x5f, 0x64, 0x61, 0x74, 
    0x61, 0x00, 0x00, 0x05, 0x6d, 0x61, 0x73, 0x73, 0x61, 0x18, 0x61, 0x73, 0x73, 0x65, 0x6d, 0x62, 
    0x6c, 0x79, 0x5f, 0x73, 0x63, 0x72, 0x69, 0x70, 0x74, 0x5f, 0x73, 0x65, 0x74, 0x5f, 0x64, 0x61, 
    0x74, 0x61, 0x00, 0x03, 0x05, 0x6d, 0x61, 0x73, 0x73, 0x61, 0x1b, 0x61, 0x73, 0x73, 0x65, 0x6d, 
    0x62, 0x6c, 0x79, 0x5f, 0x73, 0x63, 0x72, 0x69, 0x70, 0x74, 0x5f, 0x64, 0x65, 0x6c, 0x65, 0x74, 
    0x65, 0x5f, 0x64, 0x61, 0x74, 0x61, 0x00, 0x01, 0x05, 0x6d, 0x61, 0x73, 0x73, 0x61, 0x1e, 0x61, 
    0x73, 0x73, 0x65, 0x6d, 0x62, 0x6c, 0x79, 0x5f, 0x73, 0x63, 0x72, 0x69, 0x70, 0x74, 0x5f, 0x67, 
    0x65, 0x6e, 0x65, 0x72, 0x61, 0x74, 0x65, 0x5f, 0x65, 0x76, 0x65, 0x6e, 0x74, 0x00, 0x01, 0x05, 
    0x6d, 0x61, 0x73, 0x73, 0x61, 0x1b, 0x61, 0x73, 0x73, 0x65, 0x6d, 0x62, 0x6c, 0x79, 0x5f, 0x73, 
    0x63, 0x72, 0x69, 0x70, 0x74, 0x5f, 0x67, 0x65, 0x74, 0x5f, 0x62, 0x61, 0x6c, 0x61, 0x6e, 0x63, 
    0x65, 0x00, 0x0a, 0x05, 0x6d, 0x61, 0x73, 0x73, 0x61, 0x1e, 0x61, 0x73, 0x73, 0x65, 0x6d, 0x62, 
    0x6c, 0x79, 0x5f, 0x73, 0x63, 0x72, 0x69, 0x70, 0x74, 0x5f, 0x74, 0x72, 0x61, 0x6e, 0x73, 0x66, 
    0x65, 0x72, 0x5f, 0x63, 0x6f, 0x69, 0x6e, 0x73, 0x00, 0x09, 0x05, 0x6d, 0x61, 0x73, 0x73, 0x61, 
    0x27, 0x61, 0x73, 0x73, 0x65, 0x6d, 0x62, 0x6c, 0x79, 0x5f, 0x73, 0x63, 0x72, 0x69, 0x70, 0x74, 
    0x5f, 0x63, 0x61, 0x6c, 0x6c, 0x65, 0x72, 0x5f, 0x68, 0x61, 0x73, 0x5f, 0x77, 0x72, 0x69, 0x74, 
    0x65, 0x5f, 0x61, 0x63, 0x63, 0x65, 0x73, 0x73, 0x00, 0x04, 0x03, 0x8f, 0x01, 0x8d, 0x01, 0x00, 
    0x00, 0x03, 0x03, 0x03, 0x01, 0x00, 0x06, 0x01, 0x06, 0x03, 0x03, 0x07, 0x03, 0x01, 0x00, 0x03, 
    0x03, 0x06, 0x07, 0x04, 0x02, 0x02, 0x03, 0x03, 0x02, 0x05, 0x00, 0x06, 0x02, 0x0c, 0x03, 0x00, 
    0x09, 0x06, 0x0b, 0x0b, 0x00, 0x01, 0x07, 0x01, 0x01, 0x01, 0x01, 0x01, 0x07, 0x07, 0x00, 0x04, 
    0x00, 0x02, 0x03, 0x03, 0x03, 0x05, 0x00, 0x05, 0x00, 0x00, 0x04, 0x00, 0x02, 0x04, 0x04, 0x00, 
    0x02, 0x02, 0x00, 0x00, 0x02, 0x02, 0x0d, 0x00, 0x00, 0x02, 0x05, 0x02, 0x00, 0x02, 0x00, 0x00, 
    0x02, 0x00, 0x05, 0x00, 0x02, 0x00, 0x00, 0x00, 0x00, 0x04, 0x02, 0x02, 0x03, 0x00, 0x03, 0x01, 
    0x01, 0x07, 0x0e, 0x02, 0x01, 0x01, 0x09, 0x0f, 0x01, 0x02, 0x02, 0x00, 0x04, 0x01, 0x01, 0x08, 
    0x00, 0x06, 0x01, 0x02, 0x02, 0x00, 0x06, 0x01, 0x01, 0x01, 0x00, 0x05, 0x02, 0x01, 0x01, 0x08, 
    0x00, 0x00, 0x00, 0x00, 0x00, 0x00, 0x01, 0x00, 0x01, 0x01, 0x01, 0x05, 0x04, 0x05, 0x01, 0x70, 
    0x01, 0x02, 0x02, 0x05, 0x03, 0x01, 0x00, 0x01, 0x06, 0x63, 0x13, 0x7f, 0x01, 0x41, 0x00, 0x0b, 
    0x7f, 0x01, 0x41, 0x00, 0x0b, 0x7f, 0x01, 0x41, 0x00, 0x0b, 0x7f, 0x01, 0x41, 0x00, 0x0b, 0x7f, 
    0x01, 0x41, 0x00, 0x0b, 0x7f, 0x01, 0x41, 0x00, 0x0b, 0x7f, 0x01, 0x41, 0x00, 0x0b, 0x7f, 0x01, 
    0x41, 0x00, 0x0b, 0x7f, 0x01, 0x41, 0x00, 0x0b, 0x7f, 0x01, 0x41, 0x00, 0x0b, 0x7f, 0x01, 0x41, 
    0x00, 0x0b, 0x7f, 0x01, 0x41, 0x00, 0x0b, 0x7f, 0x01, 0x41, 0x00, 0x0b, 0x7f, 0x01, 0x41, 0x00, 
    0x0b, 0x7f, 0x01, 0x41, 0x00, 0x0b, 0x7f, 0x01, 0x41, 0x00, 0x0b, 0x7f, 0x01, 0x41, 0x00, 0x0b, 
    0x7f, 0x00, 0x41, 0xe0, 0x3d, 0x0b, 0x7f, 0x01, 0x41, 0xc0, 0xbe, 0x02, 0x0b, 0x07, 0xc5, 0x02, 
    0x19, 0x07, 0x56, 0x45, 0x52, 0x53, 0x49, 0x4f, 0x4e, 0x03, 0x0c, 0x08, 0x4e, 0x41, 0x4d, 0x45, 
    0x5f, 0x4b, 0x45, 0x59, 0x03, 0x0d, 0x0a, 0x53, 0x59, 0x4d, 0x42, 0x4f, 0x4c, 0x5f, 0x4b, 0x45, 
    0x59, 0x03, 0x0e, 0x10, 0x54, 0x4f, 0x54, 0x41, 0x4c, 0x5f, 0x53, 0x55, 0x50, 0x50, 0x4c, 0x59, 
    0x5f, 0x4b, 0x45, 0x59, 0x03, 0x0f, 0x0c, 0x44, 0x45, 0x43, 0x49, 0x4d, 0x41, 0x4c, 0x53, 0x5f, 
    0x4b, 0x45, 0x59, 0x03, 0x10, 0x05, 0x5f, 0x5f, 0x6e, 0x65, 0x77, 0x00, 0x24, 0x05, 0x5f, 0x5f, 
    0x70, 0x69, 0x6e, 0x00, 0x30, 0x07, 0x5f, 0x5f, 0x75, 0x6e, 0x70, 0x69, 0x6e, 0x00, 0x31, 0x09, 
    0x5f, 0x5f, 0x63, 0x6f, 0x6c, 0x6c, 0x65, 0x63, 0x74, 0x00, 0x32, 0x0b, 0x5f, 0x5f, 0x72, 0x74, 
    0x74, 0x69, 0x5f, 0x62, 0x61, 0x73, 0x65, 0x03, 0x11, 0x06, 0x6d, 0x65, 0x6d, 0x6f, 0x72, 0x79, 
    0x02, 0x00, 0x07, 0x64, 0x65, 0x70, 0x6f, 0x73, 0x69, 0x74, 0x00, 0x89, 0x01, 0x08, 0x77, 0x69, 
    0x74, 0x68, 0x64, 0x72, 0x61, 0x77, 0x00, 0x8a, 0x01, 0x10, 0x6d, 0x72, 0x63, 0x32, 0x30, 0x43, 
    0x6f, 0x6e, 0x73, 0x74, 0x72, 0x75, 0x63, 0x74, 0x6f, 0x72, 0x00, 0x8b, 0x01, 0x07, 0x76, 0x65, 
    0x72, 0x73, 0x69, 0x6f, 0x6e, 0x00, 0x8c, 0x01, 0x04, 0x6e, 0x61, 0x6d, 0x65, 0x00, 0x8d, 0x01, 
    0x06, 0x73, 0x79, 0x6d, 0x62, 0x6f, 0x6c, 0x00, 0x8e, 0x01, 0x0b, 0x74, 0x6f, 0x74, 0x61, 0x6c, 
    0x53, 0x75, 0x70, 0x70, 0x6c, 0x79, 0x00, 0x8f, 0x01, 0x08, 0x64, 0x65, 0x63, 0x69, 0x6d, 0x61, 
    0x6c, 0x73, 0x00, 0x90, 0x01, 0x09, 0x62, 0x61, 0x6c, 0x61, 0x6e, 0x63, 0x65, 0x4f, 0x66, 0x00, 
    0x91, 0x01, 0x08, 0x74, 0x72, 0x61, 0x6e, 0x73, 0x66, 0x65, 0x72, 0x00, 0x92, 0x01, 0x09, 0x61, 
    0x6c, 0x6c, 0x6f, 0x77, 0x61, 0x6e, 0x63, 0x65, 0x00, 0x93, 0x01, 0x11, 0x69, 0x6e, 0x63, 0x72, 
    0x65, 0x61, 0x73, 0x65, 0x41, 0x6c, 0x6c, 0x6f, 0x77, 0x61, 0x6e, 0x63, 0x65, 0x00, 0x94, 0x01, 
    0x11, 0x64, 0x65, 0x63, 0x72, 0x65, 0x61, 0x73, 0x65, 0x41, 0x6c, 0x6c, 0x6f, 0x77, 0x61, 0x6e, 
    0x63, 0x65, 0x00, 0x95, 0x01, 0x0c, 0x74, 0x72, 0x61, 0x6e, 0x73, 0x66, 0x65, 0x72, 0x46, 0x72, 
    0x6f, 0x6d, 0x00, 0x96, 0x01, 0x08, 0x01, 0x38, 0x09, 0x07, 0x01, 0x00, 0x41, 0x01, 0x0b, 0x01, 
    0x43, 0x0c, 0x02, 0xaf, 0x01, 0x0a, 0xd5, 0xa9, 0x01, 0x8d, 0x01, 0x0a, 0x00, 0x20, 0x00, 0x28, 
    0x02, 0x04, 0x41, 0x03, 0x71, 0x0b, 0x0a, 0x00, 0x20, 0x00, 0x28, 0x02, 0x04, 0x41, 0x7c, 0x71, 
    0x0b, 0x09, 0x00, 0x20, 0x00, 0x20, 0x01, 0x36, 0x02, 0x08, 0x0b, 0x09, 0x00, 0x20, 0x00, 0x20, 
    0x01, 0x36, 0x02, 0x04, 0x0b, 0x11, 0x00, 0x20, 0x00, 0x20, 0x01, 0x20, 0x00, 0x28, 0x02, 0x04, 
    0x41, 0x03, 0x71, 0x72, 0x10, 0x0e, 0x0b, 0x52, 0x01, 0x01, 0x7f, 0x20, 0x00, 0x10, 0x0c, 0x22, 
    0x01, 0x45, 0x04, 0x40, 0x20, 0x00, 0x28, 0x02, 0x08, 0x45, 0x20, 0x00, 0x41, 0xc0, 0xbe, 0x02, 
    0x49, 0x71, 0x45, 0x04, 0x40, 0x41, 0x00, 0x41, 0xa0, 0x08, 0x41, 0x80, 0x01, 0x41, 0x12, 0x10, 
    0x00, 0x00, 0x0b, 0x0f, 0x0b, 0x20, 0x00, 0x28, 0x02, 0x08, 0x22, 0x00, 0x45, 0x04, 0x40, 0x41, 
    0x00, 0x41, 0xa0, 0x08, 0x41, 0x84, 0x01, 0x41, 0x10, 0x10, 0x00, 0x00, 0x0b, 0x20, 0x01, 0x20, 
    0x00, 0x10, 0x0d, 0x20, 0x00, 0x20, 0x01, 0x10, 0x0f, 0x0b, 0x10, 0x00, 0x20, 0x00, 0x20, 0x00, 
    0x10, 0x0e, 0x20, 0x00, 0x20, 0x00, 0x10, 0x0d, 0x20, 0x00, 0x0b, 0x26, 0x01, 0x01, 0x7f, 0x20, 
    0x01, 0x28, 0x02, 0x08, 0x21, 0x03, 0x20, 0x00, 0x20, 0x01, 0x20, 0x02, 0x72, 0x10, 0x0e, 0x20, 
    0x00, 0x20, 0x03, 0x10, 0x0d, 0x20, 0x03, 0x20, 0x00, 0x10, 0x0f, 0x20, 0x01, 0x20, 0x00, 0x10, 
    0x0d, 0x0b, 0x78, 0x01, 0x02, 0x7f, 0x20, 0x00, 0x23, 0x01, 0x46, 0x04, 0x40, 0x20, 0x00, 0x28, 
    0x02, 0x08, 0x22, 0x01, 0x45, 0x04, 0x40, 0x41, 0x00, 0x41, 0xa0, 0x08, 0x41, 0x94, 0x01, 0x41, 
    0x1e, 0x10, 0x00, 0x00, 0x0b, 0x20, 0x01, 0x24, 0x01, 0x0b, 0x20, 0x00, 0x10, 0x10, 0x23, 0x02, 
    0x21, 0x01, 0x20, 0x00, 0x28, 0x02, 0x0c, 0x22, 0x02, 0x41, 0x02, 0x4d, 0x04, 0x7f, 0x41, 0x01, 
    0x05, 0x20, 0x02, 0x41, 0xe0, 0x3d, 0x28, 0x02, 0x00, 0x4b, 0x04, 0x40, 0x41, 0x80, 0x09, 0x41, 
    0xc0, 0x09, 0x41, 0x15, 0x41, 0x1c, 0x10, 0x00, 0x00, 0x0b, 0x20, 0x02, 0x41, 0x02, 0x74, 0x41, 
    0xe4, 0x3d, 0x6a, 0x28, 0x02, 0x00, 0x41, 0x20, 0x71, 0x0b, 0x21, 0x02, 0x20, 0x00, 0x20, 0x01, 
    0x23, 0x00, 0x45, 0x41, 0x02, 0x20, 0x02, 0x1b, 0x10, 0x12, 0x0b, 0x5b, 0x01, 0x01, 0x7f, 0x20, 
    0x01, 0x45, 0x04, 0x40, 0x0f, 0x0b, 0x20, 0x00, 0x45, 0x04, 0x40, 0x41, 0x00, 0x41, 0xa0, 0x08, 
    0x41, 0xa7, 0x02, 0x41, 0x0e, 0x10, 0x00, 0x00, 0x0b, 0x20, 0x01, 0x41, 0x14, 0x6b, 0x22, 0x01, 
    0x10, 0x0b, 0x23, 0x00, 0x46, 0x04, 0x40, 0x20, 0x00, 0x41, 0x14, 0x6b, 0x22, 0x00, 0x10, 0x0b, 
    0x22, 0x03, 0x23, 0x00, 0x45, 0x46, 0x04, 0x40, 0x20, 0x00, 0x20, 0x01, 0x20, 0x02, 0x1b, 0x10, 
    0x13, 0x05, 0x23, 0x03, 0x41, 0x01, 0x46, 0x20, 0x03, 0x41, 0x03, 0x46, 0x71, 0x04, 0x40, 0x20, 
    0x01, 0x10, 0x13, 0x0b, 0x0b, 0x0b, 0x0b, 0x11, 0x00, 0x20, 0x00, 0x20, 0x01, 0x36, 0x02, 0x04, 
    0x20, 0x00, 0x20, 0x01, 0x41, 0x00, 0x10, 0x14, 0x0b, 0x09, 0x00, 0x20, 0x00, 0x20, 0x01, 0x36, 
    0x02, 0x00, 0x0b, 0xd4, 0x01, 0x01, 0x02, 0x7f, 0x41, 0x80, 0x09, 0x10, 0x19, 0x41, 0xb0, 0x0b, 
    0x10, 0x19, 0x41, 0xc0, 0x14, 0x10, 0x19, 0x41, 0xf0, 0x09, 0x10, 0x19, 0x41, 0xf0, 0x3c, 0x10, 
    0x19, 0x41, 0xb0, 0x3d, 0x10, 0x19, 0x41, 0xc0, 0x0f, 0x10, 0x19, 0x41, 0xd0, 0x12, 0x10, 0x19, 
    0x41, 0x80, 0x13, 0x10, 0x19, 0x23, 0x0c, 0x22, 0x00, 0x04, 0x40, 0x20, 0x00, 0x10, 0x19, 0x0b, 
    0x41, 0xb0, 0x10, 0x10, 0x19, 0x41, 0xf0, 0x10, 0x10, 0x19, 0x23, 0x0d, 0x22, 0x00, 0x04, 0x40, 
    0x20, 0x00, 0x10, 0x19, 0x0b, 0x23, 0x0e, 0x22, 0x00, 0x04, 0x40, 0x20, 0x00, 0x10, 0x19, 0x0b, 
    0x23, 0x0f, 0x22, 0x00, 0x04, 0x40, 0x20, 0x00, 0x10, 0x19, 0x0b, 0x23, 0x10, 0x22, 0x00, 0x04, 
    0x40, 0x20, 0x00, 0x10, 0x19, 0x0b, 0x41, 0xd0, 0x0d, 0x10, 0x19, 0x41, 0x80, 0x0e, 0x10, 0x19, 
    0x23, 0x0b, 0x22, 0x00, 0x04, 0x40, 0x20, 0x00, 0x10, 0x19, 0x0b, 0x41, 0xb0, 0x0e, 0x10, 0x19, 
    0x41, 0xd0, 0x0e, 0x10, 0x19, 0x41, 0xb0, 0x0d, 0x10, 0x19, 0x41, 0xc0, 0x0c, 0x10, 0x19, 0x23, 
    0x07, 0x22, 0x01, 0x10, 0x0c, 0x21, 0x00, 0x03, 0x40, 0x20, 0x00, 0x20, 0x01, 0x47, 0x04, 0x40, 
    0x20, 0x00, 0x10, 0x0b, 0x41, 0x03, 0x47, 0x04, 0x40, 0x41, 0x00, 0x41, 0xa0, 0x08, 0x41, 0xa0, 
    0x01, 0x41, 0x10, 0x10, 0x00, 0x00, 0x0b, 0x20, 0x00, 0x41, 0x14, 0x6a, 0x10, 0x37, 0x20, 0x00, 
    0x10, 0x0c, 0x21, 0x00, 0x0c, 0x01, 0x0b, 0x0b, 0x0b, 0x11, 0x00, 0x20, 0x00, 0x20, 0x00, 0x28, 
    0x02, 0x04, 0x41, 0x7c, 0x71, 0x20, 0x01, 0x72, 0x10, 0x0e, 0x0b, 0x23, 0x00, 0x20, 0x00, 0x45, 
    0x04, 0x40, 0x0f, 0x0b, 0x20, 0x00, 0x41, 0x14, 0x6b, 0x22, 0x00, 0x10, 0x0b, 0x23, 0x00, 0x46, 
    0x04, 0x40, 0x20, 0x00, 0x10, 0x13, 0x23, 0x06, 0x41, 0x01, 0x6a, 0x24, 0x06, 0x0b, 0x0b, 0x0d, 
    0x00, 0x20, 0x00, 0x28, 0x02, 0x00, 0x41, 0x7c, 0x71, 0x41, 0x04, 0x6a, 0x0b, 0x91, 0x02, 0x01, 
    0x04, 0x7f, 0x20, 0x01, 0x28, 0x02, 0x00, 0x22, 0x03, 0x41, 0x01, 0x71, 0x45, 0x04, 0x40, 0x41, 
    0x00, 0x41, 0xf0, 0x0a, 0x41, 0x8c, 0x02, 0x41, 0x0e, 0x10, 0x00, 0x00, 0x0b, 0x20, 0x03, 0x41, 
    0x7c, 0x71, 0x22, 0x03, 0x41, 0x0c, 0x49, 0x04, 0x40, 0x41, 0x00, 0x41, 0xf0, 0x0a, 0x41, 0x8e, 
    0x02, 0x41, 0x0e, 0x10, 0x00, 0x00, 0x0b, 0x20, 0x03, 0x41, 0x80, 0x02, 0x49, 0x04, 0x7f, 0x20, 
    0x03, 0x41, 0x04, 0x76, 0x05, 0x41, 0x1f, 0x41, 0xfc, 0xff, 0xff, 0xff, 0x03, 0x20, 0x03, 0x20, 
    0x03, 0x41, 0xfc, 0xff, 0xff, 0xff, 0x03, 0x4f, 0x1b, 0x22, 0x03, 0x67, 0x6b, 0x22, 0x04, 0x41, 
    0x07, 0x6b, 0x21, 0x02, 0x20, 0x03, 0x20, 0x04, 0x41, 0x04, 0x6b, 0x76, 0x41, 0x10, 0x73, 0x0b, 
    0x22, 0x04, 0x41, 0x10, 0x49, 0x20, 0x02, 0x41, 0x17, 0x49, 0x71, 0x45, 0x04, 0x40, 0x41, 0x00, 
    0x41, 0xf0, 0x0a, 0x41, 0x9c, 0x02, 0x41, 0x0e, 0x10, 0x00, 0x00, 0x0b, 0x20, 0x01, 0x28, 0x02, 
    0x08, 0x21, 0x03, 0x20, 0x01, 0x28, 0x02, 0x04, 0x22, 0x05, 0x04, 0x40, 0x20, 0x05, 0x20, 0x03, 
    0x10, 0x0d, 0x0b, 0x20, 0x03, 0x04, 0x40, 0x20, 0x03, 0x20, 0x05, 0x10, 0x0e, 0x0b, 0x20, 0x01, 
    0x20, 0x00, 0x20, 0x02, 0x41, 0x04, 0x74, 0x20, 0x04, 0x6a, 0x41, 0x02, 0x74, 0x6a, 0x28, 0x02, 
    0x60, 0x46, 0x04, 0x40, 0x20, 0x00, 0x20, 0x02, 0x41, 0x04, 0x74, 0x20, 0x04, 0x6a, 0x41, 0x02, 
    0x74, 0x6a, 0x20, 0x03, 0x36, 0x02, 0x60, 0x20, 0x03, 0x45, 0x04, 0x40, 0x20, 0x00, 0x20, 0x02, 
    0x41, 0x02, 0x74, 0x6a, 0x22, 0x01, 0x28, 0x02, 0x04, 0x41, 0x7e, 0x20, 0x04, 0x77, 0x71, 0x21, 
    0x03, 0x20, 0x01, 0x20, 0x03, 0x36, 0x02, 0x04, 0x20, 0x03, 0x45, 0x04, 0x40, 0x20, 0x00, 0x20, 
    0x00, 0x28, 0x02, 0x00, 0x41, 0x7e, 0x20, 0x02, 0x77, 0x71, 0x10, 0x16, 0x0b, 0x0b, 0x0b, 0x0b, 
    0xbc, 0x03, 0x01, 0x05, 0x7f, 0x20, 0x01, 0x45, 0x04, 0x40, 0x41, 0x00, 0x41, 0xf0, 0x0a, 0x41, 
    0xc9, 0x01, 0x41, 0x0e, 0x10, 0x00, 0x00, 0x0b, 0x20, 0x01, 0x28, 0x02, 0x00, 0x22, 0x03, 0x41, 
    0x01, 0x71, 0x45, 0x04, 0x40, 0x41, 0x00, 0x41, 0xf0, 0x0a, 0x41, 0xcb, 0x01, 0x41, 0x0e, 0x10, 
    0x00, 0x00, 0x0b, 0x20, 0x01, 0x41, 0x04, 0x6a, 0x20, 0x01, 0x28, 0x02, 0x00, 0x41, 0x7c, 0x71, 
    0x6a, 0x22, 0x04, 0x28, 0x02, 0x00, 0x22, 0x02, 0x41, 0x01, 0x71, 0x04, 0x40, 0x20, 0x00, 0x20, 
    0x04, 0x10, 0x1b, 0x20, 0x01, 0x20, 0x03, 0x41, 0x04, 0x6a, 0x20, 0x02, 0x41, 0x7c, 0x71, 0x6a, 
    0x22, 0x03, 0x10, 0x16, 0x20, 0x01, 0x41, 0x04, 0x6a, 0x20, 0x01, 0x28, 0x02, 0x00, 0x41, 0x7c, 
    0x71, 0x6a, 0x22, 0x04, 0x28, 0x02, 0x00, 0x21, 0x02, 0x0b, 0x20, 0x03, 0x41, 0x02, 0x71, 0x04, 
    0x40, 0x20, 0x01, 0x41, 0x04, 0x6b, 0x28, 0x02, 0x00, 0x22, 0x01, 0x28, 0x02, 0x00, 0x22, 0x06, 
    0x41, 0x01, 0x71, 0x45, 0x04, 0x40, 0x41, 0x00, 0x41, 0xf0, 0x0a, 0x41, 0xdd, 0x01, 0x41, 0x10, 
    0x10, 0x00, 0x00, 0x0b, 0x20, 0x00, 0x20, 0x01, 0x10, 0x1b, 0x20, 0x01, 0x20, 0x06, 0x41, 0x04, 
    0x6a, 0x20, 0x03, 0x41, 0x7c, 0x71, 0x6a, 0x22, 0x03, 0x10, 0x16, 0x0b, 0x20, 0x04, 0x20, 0x02, 
    0x41, 0x02, 0x72, 0x10, 0x16, 0x20, 0x03, 0x41, 0x7c, 0x71, 0x22, 0x02, 0x41, 0x0c, 0x49, 0x04, 
    0x40, 0x41, 0x00, 0x41, 0xf0, 0x0a, 0x41, 0xe9, 0x01, 0x41, 0x0e, 0x10, 0x00, 0x00, 0x0b, 0x20, 
    0x04, 0x20, 0x01, 0x41, 0x04, 0x6a, 0x20, 0x02, 0x6a, 0x47, 0x04, 0x40, 0x41, 0x00, 0x41, 0xf0, 
    0x0a, 0x41, 0xea, 0x01, 0x41, 0x0e, 0x10, 0x00, 0x00, 0x0b, 0x20, 0x04, 0x41, 0x04, 0x6b, 0x20, 
    0x01, 0x36, 0x02, 0x00, 0x20, 0x02, 0x41, 0x80, 0x02, 0x49, 0x04, 0x7f, 0x20, 0x02, 0x41, 0x04, 
    0x76, 0x05, 0x41, 0x1f, 0x41, 0xfc, 0xff, 0xff, 0xff, 0x03, 0x20, 0x02, 0x20, 0x02, 0x41, 0xfc, 
    0xff, 0xff, 0xff, 0x03, 0x4f, 0x1b, 0x22, 0x02, 0x67, 0x6b, 0x22, 0x03, 0x41, 0x07, 0x6b, 0x21, 
    0x05, 0x20, 0x02, 0x20, 0x03, 0x41, 0x04, 0x6b, 0x76, 0x41, 0x10, 0x73, 0x0b, 0x22, 0x02, 0x41, 
    0x10, 0x49, 0x20, 0x05, 0x41, 0x17, 0x49, 0x71, 0x45, 0x04, 0x40, 0x41, 0x00, 0x41, 0xf0, 0x0a, 
    0x41, 0xfb, 0x01, 0x41, 0x0e, 0x10, 0x00, 0x00, 0x0b, 0x20, 0x00, 0x20, 0x05, 0x41, 0x04, 0x74, 
    0x20, 0x02, 0x6a, 0x41, 0x02, 0x74, 0x6a, 0x28, 0x02, 0x60, 0x21, 0x03, 0x20, 0x01, 0x41, 0x00, 
    0x10, 0x0e, 0x20, 0x01, 0x20, 0x03, 0x10, 0x0d, 0x20, 0x03, 0x04, 0x40, 0x20, 0x03, 0x20, 0x01, 
    0x10, 0x0e, 0x0b, 0x20, 0x00, 0x20, 0x05, 0x41, 0x04, 0x74, 0x20, 0x02, 0x6a, 0x41, 0x02, 0x74, 
    0x6a, 0x20, 0x01, 0x36, 0x02, 0x60, 0x20, 0x00, 0x20, 0x00, 0x28, 0x02, 0x00, 0x41, 0x01, 0x20, 
    0x05, 0x74, 0x72, 0x10, 0x16, 0x20, 0x00, 0x20, 0x05, 0x41, 0x02, 0x74, 0x6a, 0x22, 0x00, 0x20, 
    0x00, 0x28, 0x02, 0x04, 0x41, 0x01, 0x20, 0x02, 0x74, 0x72, 0x36, 0x02, 0x04, 0x0b, 0xc9, 0x01, 
    0x01, 0x02, 0x7f, 0x20, 0x01, 0x20, 0x02, 0x4b, 0x04, 0x40, 0x41, 0x00, 0x41, 0xf0, 0x0a, 0x41, 
    0xf9, 0x02, 0x41, 0x0e, 0x10, 0x00, 0x00, 0x0b, 0x20, 0x01, 0x41, 0x13, 0x6a, 0x41, 0x70, 0x71, 
    0x41, 0x04, 0x6b, 0x21, 0x01, 0x20, 0x00, 0x28, 0x02, 0xa0, 0x0c, 0x22, 0x03, 0x04, 0x40, 0x20, 
    0x03, 0x41, 0x04, 0x6a, 0x20, 0x01, 0x4b, 0x04, 0x40, 0x41, 0x00, 0x41, 0xf0, 0x0a, 0x41, 0x80, 
    0x03, 0x41, 0x10, 0x10, 0x00, 0x00, 0x0b, 0x20, 0x01, 0x41, 0x10, 0x6b, 0x20, 0x03, 0x46, 0x04, 
    0x40, 0x20, 0x03, 0x28, 0x02, 0x00, 0x21, 0x04, 0x20, 0x01, 0x41, 0x10, 0x6b, 0x21, 0x01, 0x0b, 
    0x05, 0x20, 0x00, 0x41, 0xa4, 0x0c, 0x6a, 0x20, 0x01, 0x4b, 0x04, 0x40, 0x41, 0x00, 0x41, 0xf0, 
    0x0a, 0x41, 0x8d, 0x03, 0x41, 0x05, 0x10, 0x00, 0x00, 0x0b, 0x0b, 0x20, 0x02, 0x41, 0x70, 0x71, 
    0x20, 0x01, 0x6b, 0x22, 0x02, 0x41, 0x14, 0x49, 0x04, 0x40, 0x0f, 0x0b, 0x20, 0x01, 0x20, 0x04, 
    0x41, 0x02, 0x71, 0x20, 0x02, 0x41, 0x08, 0x6b, 0x22, 0x02, 0x41, 0x01, 0x72, 0x72, 0x10, 0x16, 
    0x20, 0x01, 0x41, 0x00, 0x10, 0x0e, 0x20, 0x01, 0x41, 0x00, 0x10, 0x0d, 0x20, 0x01, 0x41, 0x04, 
    0x6a, 0x20, 0x02, 0x6a, 0x22, 0x02, 0x41, 0x02, 0x10, 0x16, 0x20, 0x00, 0x20, 0x02, 0x36, 0x02, 
    0xa0, 0x0c, 0x20, 0x00, 0x20, 0x01, 0x10, 0x1c, 0x0b, 0x95, 0x01, 0x01, 0x02, 0x7f, 0x3f, 0x00, 
    0x22, 0x00, 0x41, 0x00, 0x4c, 0x04, 0x7f, 0x41, 0x01, 0x20, 0x00, 0x6b, 0x40, 0x00, 0x41, 0x00, 
    0x48, 0x05, 0x41, 0x00, 0x0b, 0x04, 0x40, 0x00, 0x0b, 0x41, 0xc0, 0xbe, 0x02, 0x41, 0x00, 0x10, 
    0x16, 0x41, 0xe0, 0xca, 0x02, 0x41, 0x00, 0x36, 0x02, 0x00, 0x03, 0x40, 0x20, 0x01, 0x41, 0x17, 
    0x49, 0x04, 0x40, 0x20, 0x01, 0x41, 0x02, 0x74, 0x41, 0xc0, 0xbe, 0x02, 0x6a, 0x41, 0x00, 0x36, 
    0x02, 0x04, 0x41, 0x00, 0x21, 0x00, 0x03, 0x40, 0x20, 0x00, 0x41, 0x10, 0x49, 0x04, 0x40, 0x20, 
    0x01, 0x41, 0x04, 0x74, 0x20, 0x00, 0x6a, 0x41, 0x02, 0x74, 0x41, 0xc0, 0xbe, 0x02, 0x6a, 0x41, 
    0x00, 0x36, 0x02, 0x60, 0x20, 0x00, 0x41, 0x01, 0x6a, 0x21, 0x00, 0x0c, 0x01, 0x0b, 0x0b, 0x20, 
    0x01, 0x41, 0x01, 0x6a, 0x21, 0x01, 0x0c, 0x01, 0x0b, 0x0b, 0x41, 0xc0, 0xbe, 0x02, 0x41, 0xe4, 
    0xca, 0x02, 0x3f, 0x00, 0x41, 0x10, 0x74, 0x10, 0x1d, 0x41, 0xc0, 0xbe, 0x02, 0x24, 0x09, 0x0b, 
    0xa0, 0x03, 0x01, 0x03, 0x7f, 0x02, 0x40, 0x02, 0x40, 0x02, 0x40, 0x02, 0x40, 0x23, 0x03, 0x0e, 
    0x03, 0x00, 0x01, 0x02, 0x03, 0x0b, 0x41, 0x01, 0x24, 0x03, 0x41, 0x00, 0x24, 0x06, 0x10, 0x17, 
    0x23, 0x02, 0x24, 0x01, 0x23, 0x06, 0x0f, 0x0b, 0x23, 0x00, 0x45, 0x21, 0x01, 0x23, 0x01, 0x10, 
    0x0c, 0x21, 0x00, 0x03, 0x40, 0x20, 0x00, 0x23, 0x02, 0x47, 0x04, 0x40, 0x20, 0x00, 0x24, 0x01, 
    0x20, 0x00, 0x10, 0x0b, 0x20, 0x01, 0x47, 0x04, 0x40, 0x20, 0x00, 0x20, 0x01, 0x10, 0x18, 0x41, 
    0x00, 0x24, 0x06, 0x20, 0x00, 0x41, 0x14, 0x6a, 0x10, 0x37, 0x23, 0x06, 0x0f, 0x0b, 0x20, 0x00, 
    0x10, 0x0c, 0x21, 0x00, 0x0c, 0x01, 0x0b, 0x0b, 0x41, 0x00, 0x24, 0x06, 0x10, 0x17, 0x23, 0x01, 
    0x10, 0x0c, 0x23, 0x02, 0x46, 0x04, 0x40, 0x23, 0x12, 0x21, 0x00, 0x03, 0x40, 0x20, 0x00, 0x41, 
    0xc0, 0xbe, 0x02, 0x49, 0x04, 0x40, 0x20, 0x00, 0x28, 0x02, 0x00, 0x10, 0x19, 0x20, 0x00, 0x41, 
    0x04, 0x6a, 0x21, 0x00, 0x0c, 0x01, 0x0b, 0x0b, 0x23, 0x01, 0x10, 0x0c, 0x21, 0x00, 0x03, 0x40, 
    0x20, 0x00, 0x23, 0x02, 0x47, 0x04, 0x40, 0x20, 0x00, 0x10, 0x0b, 0x20, 0x01, 0x47, 0x04, 0x40, 
    0x20, 0x00, 0x20, 0x01, 0x10, 0x18, 0x20, 0x00, 0x41, 0x14, 0x6a, 0x10, 0x37, 0x0b, 0x20, 0x00, 
    0x10, 0x0c, 0x21, 0x00, 0x0c, 0x01, 0x0b, 0x0b, 0x23, 0x08, 0x21, 0x00, 0x23, 0x02, 0x24, 0x08, 
    0x20, 0x00, 0x24, 0x02, 0x20, 0x01, 0x24, 0x00, 0x20, 0x00, 0x10, 0x0c, 0x24, 0x01, 0x41, 0x02, 
    0x24, 0x03, 0x0b, 0x23, 0x06, 0x0f, 0x0b, 0x23, 0x01, 0x22, 0x00, 0x23, 0x02, 0x47, 0x04, 0x40, 
    0x20, 0x00, 0x10, 0x0c, 0x24, 0x01, 0x20, 0x00, 0x10, 0x0b, 0x23, 0x00, 0x45, 0x47, 0x04, 0x40, 
    0x41, 0x00, 0x41, 0xa0, 0x08, 0x41, 0xe5, 0x01, 0x41, 0x14, 0x10, 0x00, 0x00, 0x0b, 0x20, 0x00, 
    0x41, 0xc0, 0xbe, 0x02, 0x49, 0x04, 0x40, 0x20, 0x00, 0x41, 0x00, 0x10, 0x0e, 0x20, 0x00, 0x41, 
    0x00, 0x10, 0x0d, 0x05, 0x23, 0x04, 0x20, 0x00, 0x10, 0x1a, 0x6b, 0x24, 0x04, 0x20, 0x00, 0x41, 
    0x04, 0x6a, 0x22, 0x01, 0x41, 0xc0, 0xbe, 0x02, 0x4f, 0x04, 0x40, 0x23, 0x09, 0x45, 0x04, 0x40, 
    0x10, 0x1e, 0x0b, 0x23, 0x09, 0x21, 0x02, 0x20, 0x01, 0x41, 0x04, 0x6b, 0x21, 0x00, 0x20, 0x01, 
    0x41, 0x0f, 0x71, 0x41, 0x01, 0x20, 0x01, 0x1b, 0x04, 0x7f, 0x41, 0x01, 0x05, 0x20, 0x00, 0x28, 
    0x02, 0x00, 0x41, 0x01, 0x71, 0x0b, 0x04, 0x40, 0x41, 0x00, 0x41, 0xf0, 0x0a, 0x41, 0xaf, 0x04, 
    0x41, 0x03, 0x10, 0x00, 0x00, 0x0b, 0x20, 0x00, 0x20, 0x00, 0x28, 0x02, 0x00, 0x41, 0x01, 0x72, 
    0x10, 0x16, 0x20, 0x02, 0x20, 0x00, 0x10, 0x1c, 0x0b, 0x0b, 0x41, 0x0a, 0x0f, 0x0b, 0x23, 0x02, 
    0x23, 0x02, 0x10, 0x0e, 0x23, 0x02, 0x23, 0x02, 0x10, 0x0d, 0x41, 0x00, 0x24, 0x03, 0x0b, 0x41, 
    0x00, 0x0b, 0xd4, 0x01, 0x01, 0x02, 0x7f, 0x20, 0x01, 0x41, 0x80, 0x02, 0x49, 0x04, 0x7f, 0x20, 
    0x01, 0x41, 0x04, 0x76, 0x05, 0x41, 0x1f, 0x20, 0x01, 0x41, 0x01, 0x41, 0x1b, 0x20, 0x01, 0x67, 
    0x6b, 0x74, 0x6a, 0x41, 0x01, 0x6b, 0x20, 0x01, 0x20, 0x01, 0x41, 0xfe, 0xff, 0xff, 0xff, 0x01, 
    0x49, 0x1b, 0x22, 0x01, 0x67, 0x6b, 0x22, 0x03, 0x41, 0x07, 0x6b, 0x21, 0x02, 0x20, 0x01, 0x20, 
    0x03, 0x41, 0x04, 0x6b, 0x76, 0x41, 0x10, 0x73, 0x0b, 0x22, 0x01, 0x41, 0x10, 0x49, 0x20, 0x02, 
    0x41, 0x17, 0x49, 0x71, 0x45, 0x04, 0x40, 0x41, 0x00, 0x41, 0xf0, 0x0a, 0x41, 0xca, 0x02, 0x41, 
    0x0e, 0x10, 0x00, 0x00, 0x0b, 0x20, 0x00, 0x20, 0x02, 0x41, 0x02, 0x74, 0x6a, 0x28, 0x02, 0x04, 
    0x41, 0x7f, 0x20, 0x01, 0x74, 0x71, 0x22, 0x01, 0x04, 0x7f, 0x20, 0x00, 0x20, 0x01, 0x68, 0x20, 
    0x02, 0x41, 0x04, 0x74, 0x6a, 0x41, 0x02, 0x74, 0x6a, 0x28, 0x02, 0x60, 0x05, 0x20, 0x00, 0x28, 
    0x02, 0x00, 0x41, 0x7f, 0x20, 0x02, 0x41, 0x01, 0x6a, 0x74, 0x71, 0x22, 0x01, 0x04, 0x7f, 0x20, 
    0x00, 0x20, 0x01, 0x68, 0x22, 0x01, 0x41, 0x02, 0x74, 0x6a, 0x28, 0x02, 0x04, 0x22, 0x02, 0x45, 
    0x04, 0x40, 0x41, 0x00, 0x41, 0xf0, 0x0a, 0x41, 0xd7, 0x02, 0x41, 0x12, 0x10, 0x00, 0x00, 0x0b, 
    0x20, 0x00, 0x20, 0x02, 0x68, 0x20, 0x01, 0x41, 0x04, 0x74, 0x6a, 0x41, 0x02, 0x74, 0x6a, 0x28, 
    0x02, 0x60, 0x05, 0x41, 0x00, 0x0b, 0x0b, 0x0b, 0xda, 0x02, 0x01, 0x03, 0x7f, 0x20, 0x01, 0x41, 
    0xfc, 0xff, 0xff, 0xff, 0x03, 0x4b, 0x04, 0x40, 0x41, 0xf0, 0x09, 0x41, 0xf0, 0x0a, 0x41, 0xca, 
    0x03, 0x41, 0x1d, 0x10, 0x00, 0x00, 0x0b, 0x20, 0x00, 0x41, 0x0c, 0x20, 0x01, 0x41, 0x13, 0x6a, 
    0x41, 0x70, 0x71, 0x41, 0x04, 0x6b, 0x20, 0x01, 0x41, 0x0c, 0x4d, 0x1b, 0x22, 0x03, 0x10, 0x20, 
    0x22, 0x01, 0x45, 0x04, 0x40, 0x3f, 0x00, 0x22, 0x01, 0x41, 0x04, 0x20, 0x00, 0x28, 0x02, 0xa0, 
    0x0c, 0x20, 0x01, 0x41, 0x10, 0x74, 0x41, 0x04, 0x6b, 0x47, 0x74, 0x20, 0x03, 0x41, 0x01, 0x41, 
    0x1b, 0x20, 0x03, 0x67, 0x6b, 0x74, 0x41, 0x01, 0x6b, 0x6a, 0x20, 0x03, 0x20, 0x03, 0x41, 0xfe, 
    0xff, 0xff, 0xff, 0x01, 0x49, 0x1b, 0x6a, 0x41, 0xff, 0xff, 0x03, 0x6a, 0x41, 0x80, 0x80, 0x7c, 
    0x71, 0x41, 0x10, 0x76, 0x22, 0x02, 0x20, 0x01, 0x20, 0x02, 0x4a, 0x1b, 0x40, 0x00, 0x41, 0x00, 
    0x48, 0x04, 0x40, 0x20, 0x02, 0x40, 0x00, 0x41, 0x00, 0x48, 0x04, 0x40, 0x00, 0x0b, 0x0b, 0x20, 
    0x00, 0x20, 0x01, 0x41, 0x10, 0x74, 0x3f, 0x00, 0x41, 0x10, 0x74, 0x10, 0x1d, 0x20, 0x00, 0x20, 
    0x03, 0x10, 0x20, 0x22, 0x01, 0x45, 0x04, 0x40, 0x41, 0x00, 0x41, 0xf0, 0x0a, 0x41, 0xf0, 0x03, 
    0x41, 0x10, 0x10, 0x00, 0x00, 0x0b, 0x0b, 0x20, 0x03, 0x20, 0x01, 0x28, 0x02, 0x00, 0x41, 0x7c, 
    0x71, 0x4b, 0x04, 0x40, 0x41, 0x00, 0x41, 0xf0, 0x0a, 0x41, 0xf2, 0x03, 0x41, 0x0e, 0x10, 0x00, 
    0x00, 0x0b, 0x20, 0x00, 0x20, 0x01, 0x10, 0x1b, 0x20, 0x01, 0x28, 0x02, 0x00, 0x21, 0x02, 0x20, 
    0x03, 0x41, 0x04, 0x6a, 0x41, 0x0f, 0x71, 0x04, 0x40, 0x41, 0x00, 0x41, 0xf0, 0x0a, 0x41, 0xe5, 
    0x02, 0x41, 0x0e, 0x10, 0x00, 0x00, 0x0b, 0x20, 0x02, 0x41, 0x7c, 0x71, 0x20, 0x03, 0x6b, 0x22, 
    0x04, 0x41, 0x10, 0x4f, 0x04, 0x40, 0x20, 0x01, 0x20, 0x03, 0x20, 0x02, 0x41, 0x02, 0x71, 0x72, 
    0x10, 0x16, 0x20, 0x01, 0x41, 0x04, 0x6a, 0x20, 0x03, 0x6a, 0x22, 0x02, 0x20, 0x04, 0x41, 0x04, 
    0x6b, 0x41, 0x01, 0x72, 0x10, 0x16, 0x20, 0x00, 0x20, 0x02, 0x10, 0x1c, 0x05, 0x20, 0x01, 0x20, 
    0x02, 0x41, 0x7e, 0x71, 0x10, 0x16, 0x20, 0x01, 0x41, 0x04, 0x6a, 0x20, 0x01, 0x28, 0x02, 0x00, 
    0x41, 0x7c, 0x71, 0x6a, 0x22, 0x00, 0x20, 0x00, 0x28, 0x02, 0x00, 0x41, 0x7d, 0x71, 0x10, 0x16, 
    0x0b, 0x20, 0x01, 0x0b, 0x09, 0x00, 0x20, 0x00, 0x20, 0x01, 0x36, 0x02, 0x0c, 0x0b, 0x09, 0x00, 
    0x20, 0x00, 0x20, 0x01, 0x36, 0x02, 0x10, 0x0b, 0xa8, 0x01, 0x01, 0x01, 0x7f, 0x20, 0x00, 0x41, 
    0xec, 0xff, 0xff, 0xff, 0x03, 0x4f, 0x04, 0x40, 0x41, 0xf0, 0x09, 0x41, 0xa0, 0x08, 0x41, 0x85, 
    0x02, 0x41, 0x1f, 0x10, 0x00, 0x00, 0x0b, 0x23, 0x04, 0x23, 0x05, 0x4f, 0x04, 0x40, 0x02, 0x40, 
    0x41, 0x80, 0x10, 0x21, 0x02, 0x03, 0x40, 0x20, 0x02, 0x10, 0x1f, 0x6b, 0x21, 0x02, 0x23, 0x03, 
    0x45, 0x04, 0x40, 0x23, 0x04, 0xad, 0x42, 0xc8, 0x01, 0x7e, 0x42, 0xe4, 0x00, 0x80, 0xa7, 0x41, 
    0x80, 0x08, 0x6a, 0x24, 0x05, 0x0c, 0x02, 0x0b, 0x20, 0x02, 0x41, 0x00, 0x4a, 0x0d, 0x00, 0x0b, 
    0x23, 0x04, 0x23, 0x04, 0x23, 0x05, 0x6b, 0x41, 0x80, 0x08, 0x49, 0x41, 0x0a, 0x74, 0x6a, 0x24, 
    0x05, 0x0b, 0x0b, 0x23, 0x09, 0x45, 0x04, 0x40, 0x10, 0x1e, 0x0b, 0x23, 0x09, 0x20, 0x00, 0x41, 
    0x10, 0x6a, 0x10, 0x21, 0x22, 0x02, 0x20, 0x01, 0x10, 0x22, 0x20, 0x02, 0x20, 0x00, 0x10, 0x23, 
    0x20, 0x02, 0x23, 0x08, 0x23, 0x00, 0x10, 0x12, 0x23, 0x04, 0x20, 0x02, 0x10, 0x1a, 0x6a, 0x24, 
    0x04, 0x20, 0x02, 0x41, 0x14, 0x6a, 0x22, 0x01, 0x41, 0x00, 0x20, 0x00, 0xfc, 0x0b, 0x00, 0x20, 
    0x01, 0x0b, 0x1b, 0x00, 0x20, 0x00, 0x20, 0x01, 0x10, 0x24, 0x21, 0x01, 0x20, 0x02, 0x04, 0x40, 
    0x20, 0x01, 0x20, 0x02, 0x20, 0x00, 0xfc, 0x0a, 0x00, 0x00, 0x0b, 0x20, 0x01, 0x0b, 0x0d, 0x00, 
    0x20, 0x00, 0x41, 0x14, 0x6b, 0x28, 0x02, 0x10, 0x41, 0x01, 0x76, 0x0b, 0xc2, 0x02, 0x01, 0x02, 
    0x7f, 0x20, 0x00, 0x20, 0x01, 0x41, 0x01, 0x74, 0x6a, 0x21, 0x03, 0x20, 0x02, 0x21, 0x01, 0x03, 
    0x40, 0x20, 0x00, 0x20, 0x03, 0x49, 0x04, 0x40, 0x20, 0x00, 0x2f, 0x01, 0x00, 0x22, 0x02, 0x41, 
    0x80, 0x01, 0x49, 0x04, 0x7f, 0x20, 0x01, 0x20, 0x02, 0x3a, 0x00, 0x00, 0x20, 0x01, 0x41, 0x01, 
    0x6a, 0x05, 0x20, 0x02, 0x41, 0x80, 0x10, 0x49, 0x04, 0x7f, 0x20, 0x01, 0x20, 0x02, 0x41, 0x06, 
    0x76, 0x41, 0xc0, 0x01, 0x72, 0x20, 0x02, 0x41, 0x3f, 0x71, 0x41, 0x80, 0x01, 0x72, 0x41, 0x08, 
    0x74, 0x72, 0x3b, 0x01, 0x00, 0x20, 0x01, 0x41, 0x02, 0x6a, 0x05, 0x20, 0x02, 0x41, 0x80, 0xf0, 
    0x03, 0x71, 0x41, 0x80, 0xb0, 0x03, 0x46, 0x04, 0x40, 0x20, 0x02, 0x41, 0x80, 0xb8, 0x03, 0x49, 
    0x20, 0x00, 0x41, 0x02, 0x6a, 0x20, 0x03, 0x49, 0x71, 0x04, 0x40, 0x20, 0x00, 0x2f, 0x01, 0x02, 
    0x22, 0x04, 0x41, 0x80, 0xf8, 0x03, 0x71, 0x41, 0x80, 0xb8, 0x03, 0x46, 0x04, 0x40, 0x20, 0x01, 
    0x20, 0x02, 0x41, 0xff, 0x07, 0x71, 0x41, 0x0a, 0x74, 0x41, 0x80, 0x80, 0x04, 0x6a, 0x20, 0x04, 
    0x41, 0xff, 0x07, 0x71, 0x72, 0x22, 0x02, 0x41, 0x3f, 0x71, 0x41, 0x80, 0x01, 0x72, 0x41, 0x18, 
    0x74, 0x20, 0x02, 0x41, 0x06, 0x76, 0x41, 0x3f, 0x71, 0x41, 0x80, 0x01, 0x72, 0x41, 0x10, 0x74, 
    0x72, 0x20, 0x02, 0x41, 0x0c, 0x76, 0x41, 0x3f, 0x71, 0x41, 0x80, 0x01, 0x72, 0x41, 0x08, 0x74, 
    0x72, 0x20, 0x02, 0x41, 0x12, 0x76, 0x41, 0xf0, 0x01, 0x72, 0x72, 0x36, 0x02, 0x00, 0x20, 0x01, 
    0x41, 0x04, 0x6a, 0x21, 0x01, 0x20, 0x00, 0x41, 0x04, 0x6a, 0x21, 0x00, 0x0c, 0x06, 0x0b, 0x0b, 
    0x41, 0xc0, 0x0f, 0x41, 0x80, 0x10, 0x41, 0xe6, 0x05, 0x41, 0x31, 0x10, 0x00, 0x00, 0x0b, 0x20, 
    0x01, 0x20, 0x02, 0x41, 0x0c, 0x76, 0x41, 0xe0, 0x01, 0x72, 0x20, 0x02, 0x41, 0x06, 0x76, 0x41, 
    0x3f, 0x71, 0x41, 0x80, 0x01, 0x72, 0x41, 0x08, 0x74, 0x72, 0x3b, 0x01, 0x00, 0x20, 0x01, 0x20, 
    0x02, 0x41, 0x3f, 0x71, 0x41, 0x80, 0x01, 0x72, 0x3a, 0x00, 0x02, 0x20, 0x01, 0x41, 0x03, 0x6a, 
    0x0b, 0x0b, 0x21, 0x01, 0x20, 0x00, 0x41, 0x02, 0x6a, 0x21, 0x00, 0x0c, 0x01, 0x0b, 0x0b, 0x0b, 
    0x45, 0x01, 0x02, 0x7f, 0x20, 0x01, 0x20, 0x00, 0x41, 0x14, 0x6b, 0x22, 0x03, 0x28, 0x02, 0x00, 
    0x41, 0x7c, 0x71, 0x41, 0x10, 0x6b, 0x4d, 0x04, 0x40, 0x20, 0x03, 0x20, 0x01, 0x10, 0x23, 0x20, 
    0x00, 0x0f, 0x0b, 0x20, 0x01, 0x20, 0x03, 0x28, 0x02, 0x0c, 0x10, 0x24, 0x22, 0x02, 0x20, 0x00, 
    0x20, 0x01, 0x20, 0x03, 0x28, 0x02, 0x10, 0x22, 0x00, 0x20, 0x00, 0x20, 0x01, 0x4b, 0x1b, 0xfc, 
    0x0a, 0x00, 0x00, 0x20, 0x02, 0x0b, 0x49, 0x01, 0x01, 0x7f, 0x20, 0x00, 0x20, 0x01, 0x41, 0x01, 
    0x74, 0x6a, 0x21, 0x01, 0x03, 0x40, 0x20, 0x03, 0x22, 0x00, 0x41, 0x01, 0x6b, 0x21, 0x03, 0x20, 
    0x00, 0x04, 0x40, 0x20, 0x01, 0x2f, 0x01, 0x00, 0x22, 0x00, 0x20, 0x02, 0x2f, 0x01, 0x00, 0x22, 
    0x04, 0x47, 0x04, 0x40, 0x20, 0x00, 0x20, 0x04, 0x6b, 0x0f, 0x0b, 0x20, 0x01, 0x41, 0x02, 0x6a, 
    0x21, 0x01, 0x20, 0x02, 0x41, 0x02, 0x6a, 0x21, 0x02, 0x0c, 0x01, 0x0b, 0x0b, 0x41, 0x00, 0x0b, 
    0x11, 0x00, 0x20, 0x00, 0x20, 0x01, 0x36, 0x02, 0x00, 0x20, 0x00, 0x20, 0x01, 0x41, 0x00, 0x10, 
    0x14, 0x0b, 0x0a, 0x00, 0x20, 0x00, 0x41, 0x14, 0x6b, 0x28, 0x02, 0x10, 0x0b, 0x09, 0x00, 0x20, 
    0x00, 0x20, 0x01, 0x37, 0x03, 0x00, 0x0b, 0x17, 0x00, 0x20, 0x00, 0x20, 0x01, 0x41, 0x02, 0x74, 
    0x6a, 0x20, 0x02, 0x36, 0x02, 0x00, 0x20, 0x00, 0x20, 0x02, 0x41, 0x01, 0x10, 0x14, 0x0b, 0x1c, 
    0x00, 0x20, 0x00, 0x20, 0x01, 0x54, 0x04, 0x40, 0x41, 0xe0, 0x2a, 0x41, 0xb0, 0x2b, 0x41, 0x33, 
    0x41, 0x05, 0x10, 0x00, 0x00, 0x0b, 0x20, 0x00, 0x20, 0x01, 0x7d, 0x0b, 0x1f, 0x00, 0x42, 0x7f, 
    0x20, 0x00, 0x7d, 0x20, 0x01, 0x54, 0x04, 0x40, 0x41, 0xa0, 0x2c, 0x41, 0xb0, 0x2b, 0x41, 0x1d, 
    0x41, 0x05, 0x10, 0x00, 0x00, 0x0b, 0x20, 0x00, 0x20, 0x01, 0x7c, 0x0b, 0x34, 0x01, 0x01, 0x7f, 
    0x20, 0x00, 0x04, 0x40, 0x20, 0x00, 0x41, 0x14, 0x6b, 0x22, 0x01, 0x10, 0x0b, 0x41, 0x03, 0x46, 
    0x04, 0x40, 0x41, 0xf0, 0x3c, 0x41, 0xa0, 0x08, 0x41, 0xd2, 0x02, 0x41, 0x07, 0x10, 0x00, 0x00, 
    0x0b, 0x20, 0x01, 0x10, 0x10, 0x20, 0x01, 0x23, 0x07, 0x41, 0x03, 0x10, 0x12, 0x0b, 0x20, 0x00, 
    0x0b, 0x3f, 0x00, 0x20, 0x00, 0x45, 0x04, 0x40, 0x0f, 0x0b, 0x20, 0x00, 0x41, 0x14, 0x6b, 0x22, 
    0x00, 0x10, 0x0b, 0x41, 0x03, 0x47, 0x04, 0x40, 0x41, 0xb0, 0x3d, 0x41, 0xa0, 0x08, 0x41, 0xe0, 
    0x02, 0x41, 0x05, 0x10, 0x00, 0x00, 0x0b, 0x23, 0x03, 0x41, 0x01, 0x46, 0x04, 0x40, 0x20, 0x00, 
    0x10, 0x13, 0x05, 0x20, 0x00, 0x10, 0x10, 0x20, 0x00, 0x23, 0x08, 0x23, 0x00, 0x10, 0x12, 0x0b, 
    0x0b, 0x39, 0x00, 0x23, 0x03, 0x41, 0x00, 0x4a, 0x04, 0x40, 0x03, 0x40, 0x23, 0x03, 0x04, 0x40, 
    0x10, 0x1f, 0x1a, 0x0c, 0x01, 0x0b, 0x0b, 0x0b, 0x10, 0x1f, 0x1a, 0x03, 0x40, 0x23, 0x03, 0x04, 
    0x40, 0x10, 0x1f, 0x1a, 0x0c, 0x01, 0x0b, 0x0b, 0x23, 0x04, 0xad, 0x42, 0xc8, 0x01, 0x7e, 0x42, 
    0xe4, 0x00, 0x80, 0xa7, 0x41, 0x80, 0x08, 0x6a, 0x24, 0x05, 0x0b, 0x10, 0x00, 0x20, 0x00, 0x28, 
    0x02, 0x00, 0x22, 0x00, 0x04, 0x40, 0x20, 0x00, 0x10, 0x19, 0x0b, 0x0b, 0x10, 0x00, 0x20, 0x00, 
    0x28, 0x02, 0x04, 0x22, 0x00, 0x04, 0x40, 0x20, 0x00, 0x10, 0x19, 0x0b, 0x0b, 0x6d, 0x01, 0x03, 
    0x7f, 0x23, 0x12, 0x41, 0x04, 0x6b, 0x24, 0x12, 0x10, 0x39, 0x23, 0x12, 0x41, 0x00, 0x36, 0x02, 
    0x00, 0x23, 0x12, 0x20, 0x00, 0x36, 0x02, 0x00, 0x20, 0x00, 0x28, 0x02, 0x04, 0x21, 0x01, 0x23, 
    0x12, 0x20, 0x00, 0x36, 0x02, 0x00, 0x20, 0x01, 0x20, 0x00, 0x28, 0x02, 0x0c, 0x41, 0x02, 0x74, 
    0x6a, 0x21, 0x02, 0x03, 0x40, 0x20, 0x01, 0x20, 0x02, 0x49, 0x04, 0x40, 0x20, 0x01, 0x28, 0x02, 
    0x00, 0x22, 0x03, 0x04, 0x40, 0x20, 0x03, 0x10, 0x19, 0x0b, 0x20, 0x01, 0x41, 0x04, 0x6a, 0x21, 
    0x01, 0x0c, 0x01, 0x0b, 0x0b, 0x23, 0x12, 0x20, 0x00, 0x36, 0x02, 0x00, 0x20, 0x00, 0x28, 0x02, 
    0x00, 0x10, 0x19, 0x23, 0x12, 0x41, 0x04, 0x6a, 0x24, 0x12, 0x0b, 0x20, 0x01, 0x01, 0x7f, 0x20, 
    0x00, 0x28, 0x02, 0x00, 0x22, 0x01, 0x04, 0x40, 0x20, 0x01, 0x10, 0x19, 0x0b, 0x20, 0x00, 0x28, 
    0x02, 0x04, 0x22, 0x00, 0x04, 0x40, 0x20, 0x00, 0x10, 0x19, 0x0b, 0x0b, 0xa8, 0x02, 0x01, 0x02, 
    0x7f, 0x02, 0x40, 0x02, 0x40, 0x02, 0x40, 0x02, 0x40, 0x02, 0x40, 0x02, 0x40, 0x02, 0x40, 0x02, 
    0x40, 0x02, 0x40, 0x02, 0x40, 0x02, 0x40, 0x02, 0x40, 0x02, 0x40, 0x02, 0x40, 0x02, 0x40, 0x02, 
    0x40, 0x02, 0x40, 0x02, 0x40, 0x02, 0x40, 0x02, 0x40, 0x02, 0x40, 0x02, 0x40, 0x20, 0x00, 0x41, 
    0x08, 0x6b, 0x28, 0x02, 0x00, 0x0e, 0x17, 0x00, 0x01, 0x02, 0x03, 0x04, 0x05, 0x15, 0x06, 0x07, 
    0x08, 0x09, 0x15, 0x0a, 0x0b, 0x0c, 0x0d, 0x0e, 0x15, 0x0f, 0x10, 0x11, 0x12, 0x13, 0x14, 0x0b, 
    0x0f, 0x0b, 0x0f, 0x0b, 0x0f, 0x0b, 0x20, 0x00, 0x10, 0x33, 0x0f, 0x0b, 0x20, 0x00, 0x10, 0x34, 
    0x0f, 0x0b, 0x0f, 0x0b, 0x20, 0x00, 0x10, 0x33, 0x0f, 0x0b, 0x0f, 0x0b, 0x20, 0x00, 0x10, 0x35, 
    0x0f, 0x0b, 0x20, 0x00, 0x10, 0x35, 0x0f, 0x0b, 0x23, 0x12, 0x41, 0x04, 0x6b, 0x24, 0x12, 0x10, 
    0x39, 0x23, 0x12, 0x41, 0x00, 0x36, 0x02, 0x00, 0x23, 0x12, 0x20, 0x00, 0x36, 0x02, 0x00, 0x20, 
    0x00, 0x28, 0x02, 0x04, 0x10, 0x19, 0x23, 0x12, 0x41, 0x04, 0x6a, 0x24, 0x12, 0x0f, 0x0b, 0x0f, 
    0x0b, 0x20, 0x00, 0x10, 0x33, 0x0f, 0x0b, 0x0f, 0x0b, 0x0f, 0x0b, 0x20, 0x00, 0x10, 0x36, 0x0f, 
    0x0b, 0x20, 0x00, 0x10, 0x34, 0x0f, 0x0b, 0x20, 0x00, 0x20, 0x00, 0x41, 0x14, 0x6b, 0x28, 0x02, 
    0x10, 0x6a, 0x21, 0x01, 0x03, 0x40, 0x20, 0x00, 0x20, 0x01, 0x49, 0x04, 0x40, 0x20, 0x00, 0x28, 
    0x02, 0x00, 0x22, 0x02, 0x04, 0x40, 0x20, 0x02, 0x10, 0x19, 0x0b, 0x20, 0x00, 0x41, 0x04, 0x6a, 
    0x21, 0x00, 0x0c, 0x01, 0x0b, 0x0b, 0x0f, 0x0b, 0x20, 0x00, 0x10, 0x36, 0x0f, 0x0b, 0x20, 0x00, 
    0x28, 0x02, 0x08, 0x22, 0x00, 0x04, 0x40, 0x20, 0x00, 0x10, 0x19, 0x0b, 0x0f, 0x0b, 0x00, 0x0b, 
    0x23, 0x12, 0x41, 0x04, 0x6b, 0x24, 0x12, 0x10, 0x39, 0x23, 0x12, 0x41, 0x00, 0x36, 0x02, 0x00, 
    0x23, 0x12, 0x20, 0x00, 0x36, 0x02, 0x00, 0x20, 0x00, 0x28, 0x02, 0x00, 0x10, 0x19, 0x23, 0x12, 
    0x41, 0x04, 0x6a, 0x24, 0x12, 0x0b, 0x90, 0x01, 0x00, 0x41, 0xd0, 0x08, 0x10, 0x11, 0x24, 0x02, 
    0x3f, 0x00, 0x41, 0x10, 0x74, 0x41, 0xc0, 0xbe, 0x02, 0x6b, 0x41, 0x01, 0x76, 0x24, 0x05, 0x41, 
    0xa0, 0x0a, 0x10, 0x11, 0x24, 0x07, 0x41, 0xc0, 0x0a, 0x10, 0x11, 0x24, 0x08, 0x41, 0x00, 0x24, 
    0x0a, 0x10, 0x3b, 0x24, 0x0b, 0x23, 0x12, 0x41, 0x04, 0x6b, 0x24, 0x12, 0x10, 0x39, 0x23, 0x12, 
    0x41, 0x00, 0x36, 0x02, 0x00, 0x23, 0x12, 0x41, 0x80, 0x0f, 0x36, 0x02, 0x00, 0x41, 0x80, 0x0f, 
    0x10, 0x3c, 0x24, 0x0c, 0x23, 0x12, 0x41, 0xb0, 0x11, 0x36, 0x02, 0x00, 0x41, 0xb0, 0x11, 0x10, 
    0x3c, 0x24, 0x0d, 0x23, 0x12, 0x41, 0xd0, 0x11, 0x36, 0x02, 0x00, 0x41, 0xd0, 0x11, 0x10, 0x3c, 
    0x24, 0x0e, 0x23, 0x12, 0x41, 0xf0, 0x11, 0x36, 0x02, 0x00, 0x41, 0xf0, 0x11, 0x10, 0x3c, 0x24, 
    0x0f, 0x23, 0x12, 0x41, 0xa0, 0x12, 0x36, 0x02, 0x00, 0x41, 0xa0, 0x12, 0x10, 0x3c, 0x24, 0x10, 
    0x23, 0x12, 0x41, 0x04, 0x6a, 0x24, 0x12, 0x0b, 0x1a, 0x00, 0x23, 0x12, 0x41, 0xc0, 0x3e, 0x48, 
    0x04, 0x40, 0x41, 0xe0, 0xbe, 0x02, 0x41, 0x90, 0xbf, 0x02, 0x41, 0x01, 0x41, 0x01, 0x10, 0x00, 
    0x00, 0x0b, 0x0b, 0x7a, 0x01, 0x02, 0x7f, 0x23, 0x12, 0x41, 0x0c, 0x6b, 0x24, 0x12, 0x10, 0x39, 
    0x23, 0x12, 0x42, 0x00, 0x37, 0x03, 0x00, 0x23, 0x12, 0x41, 0x00, 0x36, 0x02, 0x08, 0x23, 0x12, 
    0x41, 0x08, 0x41, 0x04, 0x10, 0x24, 0x22, 0x01, 0x36, 0x02, 0x00, 0x23, 0x12, 0x20, 0x01, 0x36, 
    0x02, 0x04, 0x20, 0x01, 0x41, 0x00, 0x10, 0x16, 0x23, 0x12, 0x20, 0x01, 0x36, 0x02, 0x04, 0x41, 
    0x00, 0x10, 0x86, 0x01, 0x21, 0x02, 0x23, 0x12, 0x20, 0x02, 0x36, 0x02, 0x08, 0x20, 0x01, 0x20, 
    0x02, 0x10, 0x15, 0x23, 0x12, 0x20, 0x01, 0x36, 0x02, 0x04, 0x23, 0x12, 0x20, 0x00, 0x36, 0x02, 
    0x08, 0x20, 0x01, 0x20, 0x00, 0x10, 0x15, 0x23, 0x12, 0x20, 0x01, 0x36, 0x02, 0x04, 0x20, 0x01, 
    0x41, 0x00, 0x10, 0x16, 0x23, 0x12, 0x41, 0x0c, 0x6a, 0x24, 0x12, 0x20, 0x01, 0x0b, 0x5a, 0x01, 
    0x01, 0x7f, 0x23, 0x12, 0x41, 0x0c, 0x6b, 0x24, 0x12, 0x10, 0x39, 0x23, 0x12, 0x42, 0x00, 0x37, 
    0x03, 0x00, 0x23, 0x12, 0x41, 0x00, 0x36, 0x02, 0x08, 0x02, 0x40, 0x02, 0x40, 0x02, 0x40, 0x23, 
    0x0a, 0x0e, 0x03, 0x01, 0x02, 0x02, 0x00, 0x0b, 0x00, 0x0b, 0x23, 0x12, 0x41, 0x00, 0x41, 0x05, 
    0x41, 0xa0, 0x0c, 0x10, 0x25, 0x22, 0x00, 0x36, 0x02, 0x00, 0x0b, 0x23, 0x12, 0x41, 0x00, 0x36, 
    0x02, 0x04, 0x23, 0x12, 0x20, 0x00, 0x36, 0x02, 0x08, 0x20, 0x00, 0x10, 0x3a, 0x21, 0x00, 0x23, 
    0x12, 0x41, 0x0c, 0x6a, 0x24, 0x12, 0x20, 0x00, 0x0b, 0x8e, 0x02, 0x01, 0x04, 0x7f, 0x23, 0x12, 
    0x41, 0x04, 0x6b, 0x24, 0x12, 0x10, 0x39, 0x23, 0x12, 0x41, 0x00, 0x36, 0x02, 0x00, 0x23, 0x12, 
    0x20, 0x00, 0x22, 0x01, 0x36, 0x02, 0x00, 0x02, 0x40, 0x20, 0x01, 0x10, 0x26, 0x45, 0x04, 0x40, 
    0x41, 0x00, 0x41, 0x05, 0x41, 0xa0, 0x0f, 0x10, 0x25, 0x21, 0x00, 0x0c, 0x01, 0x0b, 0x23, 0x12, 
    0x20, 0x01, 0x36, 0x02, 0x00, 0x23, 0x12, 0x41, 0x08, 0x6b, 0x24, 0x12, 0x10, 0x39, 0x23, 0x12, 
    0x42, 0x00, 0x37, 0x03, 0x00, 0x23, 0x12, 0x20, 0x01, 0x36, 0x02, 0x00, 0x20, 0x01, 0x21, 0x02, 
    0x41, 0x00, 0x21, 0x00, 0x20, 0x01, 0x20, 0x01, 0x41, 0x14, 0x6b, 0x28, 0x02, 0x10, 0x6a, 0x21, 
    0x03, 0x03, 0x40, 0x20, 0x02, 0x20, 0x03, 0x49, 0x04, 0x40, 0x20, 0x02, 0x2f, 0x01, 0x00, 0x22, 
    0x04, 0x41, 0x80, 0x01, 0x49, 0x04, 0x7f, 0x20, 0x00, 0x41, 0x01, 0x6a, 0x05, 0x20, 0x04, 0x41, 
    0x80, 0x10, 0x49, 0x04, 0x7f, 0x20, 0x00, 0x41, 0x02, 0x6a, 0x05, 0x20, 0x04, 0x41, 0x80, 0xf8, 
    0x03, 0x71, 0x41, 0x80, 0xb0, 0x03, 0x46, 0x20, 0x02, 0x41, 0x02, 0x6a, 0x20, 0x03, 0x49, 0x71, 
    0x04, 0x40, 0x20, 0x02, 0x2f, 0x01, 0x02, 0x41, 0x80, 0xf8, 0x03, 0x71, 0x41, 0x80, 0xb8, 0x03, 
    0x46, 0x04, 0x40, 0x20, 0x00, 0x41, 0x04, 0x6a, 0x21, 0x00, 0x20, 0x02, 0x41, 0x04, 0x6a, 0x21, 
    0x02, 0x0c, 0x05, 0x0b, 0x0b, 0x20, 0x00, 0x41, 0x03, 0x6a, 0x0b, 0x0b, 0x21, 0x00, 0x20, 0x02, 
    0x41, 0x02, 0x6a, 0x21, 0x02, 0x0c, 0x01, 0x0b, 0x0b, 0x23, 0x12, 0x20, 0x00, 0x41, 0x01, 0x10, 
    0x24, 0x22, 0x00, 0x36, 0x02, 0x04, 0x23, 0x12, 0x20, 0x01, 0x36, 0x02, 0x00, 0x20, 0x01, 0x20, 
    0x01, 0x10, 0x26, 0x20, 0x00, 0x10, 0x27, 0x23, 0x12, 0x41, 0x08, 0x6a, 0x24, 0x12, 0x0b, 0x23, 
    0x12, 0x41, 0x04, 0x6a, 0x24, 0x12, 0x20, 0x00, 0x0b, 0xa3, 0x01, 0x01, 0x03, 0x7f, 0x23, 0x12, 
    0x41, 0x08, 0x6b, 0x24, 0x12, 0x10, 0x39, 0x23, 0x12, 0x42, 0x00, 0x37, 0x03, 0x00, 0x23, 0x12, 
    0x20, 0x00, 0x36, 0x02, 0x00, 0x41, 0x01, 0x20, 0x00, 0x10, 0x26, 0x22, 0x02, 0x20, 0x02, 0x41, 
    0x01, 0x4a, 0x1b, 0x22, 0x04, 0x20, 0x01, 0x41, 0x00, 0x20, 0x01, 0x41, 0x00, 0x4a, 0x1b, 0x22, 
    0x01, 0x20, 0x02, 0x20, 0x01, 0x20, 0x02, 0x48, 0x1b, 0x22, 0x01, 0x20, 0x01, 0x20, 0x04, 0x4a, 
    0x1b, 0x41, 0x01, 0x74, 0x21, 0x03, 0x02, 0x40, 0x20, 0x04, 0x20, 0x01, 0x20, 0x01, 0x20, 0x04, 
    0x48, 0x1b, 0x41, 0x01, 0x74, 0x22, 0x01, 0x20, 0x03, 0x6b, 0x22, 0x04, 0x45, 0x04, 0x40, 0x41, 
    0xb0, 0x13, 0x21, 0x00, 0x0c, 0x01, 0x0b, 0x20, 0x03, 0x45, 0x20, 0x01, 0x20, 0x02, 0x41, 0x01, 
    0x74, 0x46, 0x71, 0x0d, 0x00, 0x23, 0x12, 0x20, 0x04, 0x41, 0x02, 0x10, 0x24, 0x22, 0x01, 0x36, 
    0x02, 0x04, 0x20, 0x01, 0x20, 0x00, 0x20, 0x03, 0x6a, 0x20, 0x04, 0xfc, 0x0a, 0x00, 0x00, 0x20, 
    0x01, 0x21, 0x00, 0x0b, 0x23, 0x12, 0x41, 0x08, 0x6a, 0x24, 0x12, 0x20, 0x00, 0x0b, 0xb0, 0x01, 
    0x01, 0x02, 0x7f, 0x23, 0x12, 0x41, 0x04, 0x6b, 0x24, 0x12, 0x10, 0x39, 0x23, 0x12, 0x41, 0x00, 
    0x36, 0x02, 0x00, 0x23, 0x12, 0x20, 0x00, 0x36, 0x02, 0x00, 0x20, 0x01, 0x20, 0x00, 0x28, 0x02, 
    0x08, 0x22, 0x03, 0x41, 0x02, 0x76, 0x4b, 0x04, 0x40, 0x20, 0x01, 0x41, 0xff, 0xff, 0xff, 0xff, 
    0x00, 0x4b, 0x04, 0x40, 0x41, 0xb0, 0x0b, 0x41, 0xf0, 0x13, 0x41, 0x13, 0x41, 0x30, 0x10, 0x00, 
    0x00, 0x0b, 0x23, 0x12, 0x20, 0x00, 0x36, 0x02, 0x00, 0x20, 0x00, 0x28, 0x02, 0x00, 0x22, 0x02, 
    0x41, 0xfc, 0xff, 0xff, 0xff, 0x03, 0x20, 0x03, 0x41, 0x01, 0x74, 0x22, 0x03, 0x20, 0x03, 0x41, 
    0xfc, 0xff, 0xff, 0xff, 0x03, 0x4f, 0x1b, 0x22, 0x03, 0x41, 0x08, 0x20, 0x01, 0x20, 0x01, 0x41, 
    0x08, 0x4d, 0x1b, 0x41, 0x02, 0x74, 0x22, 0x01, 0x20, 0x01, 0x20, 0x03, 0x49, 0x1b, 0x22, 0x01, 
    0x10, 0x28, 0x22, 0x03, 0x20, 0x02, 0x47, 0x04, 0x40, 0x20, 0x00, 0x20, 0x03, 0x36, 0x02, 0x00, 
    0x20, 0x00, 0x20, 0x03, 0x36, 0x02, 0x04, 0x20, 0x00, 0x20, 0x03, 0x41, 0x00, 0x10, 0x14, 0x0b, 
    0x20, 0x00, 0x20, 0x01, 0x36, 0x02, 0x08, 0x0b, 0x23, 0x12, 0x41, 0x04, 0x6a, 0x24, 0x12, 0x0b, 
    0x55, 0x00, 0x23, 0x12, 0x41, 0x04, 0x6b, 0x24, 0x12, 0x10, 0x39, 0x23, 0x12, 0x41, 0x00, 0x36, 
    0x02, 0x00, 0x23, 0x12, 0x20, 0x00, 0x36, 0x02, 0x00, 0x20, 0x00, 0x28, 0x02, 0x0c, 0x45, 0x04, 
    0x40, 0x20, 0x00, 0x41, 0x01, 0x10, 0x3e, 0x23, 0x12, 0x20, 0x00, 0x36, 0x02, 0x00, 0x20, 0x00, 
    0x41, 0x01, 0x10, 0x22, 0x0b, 0x23, 0x12, 0x20, 0x00, 0x36, 0x02, 0x00, 0x20, 0x00, 0x28, 0x02, 
    0x04, 0x20, 0x01, 0x36, 0x02, 0x00, 0x20, 0x00, 0x20, 0x01, 0x41, 0x01, 0x10, 0x14, 0x23, 0x12, 
    0x41, 0x04, 0x6a, 0x24, 0x12, 0x0b, 0x5e, 0x01, 0x02, 0x7f, 0x23, 0x12, 0x41, 0x04, 0x6b, 0x24, 
    0x12, 0x10, 0x39, 0x23, 0x12, 0x41, 0x00, 0x36, 0x02, 0x00, 0x23, 0x12, 0x20, 0x00, 0x36, 0x02, 
    0x00, 0x20, 0x00, 0x20, 0x00, 0x28, 0x02, 0x0c, 0x22, 0x02, 0x41, 0x01, 0x6a, 0x22, 0x03, 0x10, 
    0x3e, 0x23, 0x12, 0x20, 0x00, 0x36, 0x02, 0x00, 0x20, 0x00, 0x28, 0x02, 0x04, 0x20, 0x02, 0x41, 
    0x02, 0x74, 0x6a, 0x20, 0x01, 0x36, 0x02, 0x00, 0x20, 0x00, 0x20, 0x01, 0x41, 0x01, 0x10, 0x14, 
    0x23, 0x12, 0x20, 0x00, 0x36, 0x02, 0x00, 0x20, 0x00, 0x20, 0x03, 0x10, 0x22, 0x23, 0x12, 0x41, 
    0x04, 0x6a, 0x24, 0x12, 0x0b, 0xe4, 0x05, 0x01, 0x08, 0x7f, 0x23, 0x12, 0x41, 0x28, 0x6b, 0x24, 
    0x12, 0x10, 0x39, 0x23, 0x12, 0x41, 0x00, 0x41, 0x28, 0xfc, 0x0b, 0x00, 0x02, 0x40, 0x02, 0x40, 
    0x02, 0x40, 0x20, 0x02, 0x45, 0x0d, 0x00, 0x20, 0x01, 0x45, 0x04, 0x40, 0x23, 0x12, 0x41, 0x01, 
    0x41, 0x02, 0x41, 0x0a, 0x10, 0x87, 0x01, 0x22, 0x02, 0x36, 0x02, 0x00, 0x23, 0x12, 0x20, 0x02, 
    0x28, 0x02, 0x04, 0x36, 0x02, 0x04, 0x20, 0x02, 0x20, 0x00, 0x10, 0x3f, 0x0c, 0x02, 0x0b, 0x23, 
    0x12, 0x20, 0x00, 0x36, 0x02, 0x08, 0x20, 0x00, 0x10, 0x26, 0x21, 0x05, 0x23, 0x12, 0x20, 0x01, 
    0x36, 0x02, 0x08, 0x41, 0xff, 0xff, 0xff, 0xff, 0x07, 0x20, 0x02, 0x20, 0x02, 0x41, 0x00, 0x48, 
    0x1b, 0x21, 0x07, 0x20, 0x01, 0x10, 0x26, 0x22, 0x08, 0x04, 0x40, 0x20, 0x05, 0x45, 0x04, 0x40, 
    0x23, 0x12, 0x41, 0x01, 0x41, 0x02, 0x41, 0x0a, 0x10, 0x87, 0x01, 0x22, 0x02, 0x36, 0x02, 0x14, 
    0x23, 0x12, 0x20, 0x02, 0x36, 0x02, 0x08, 0x20, 0x02, 0x28, 0x02, 0x04, 0x41, 0xb0, 0x13, 0x36, 
    0x02, 0x00, 0x0c, 0x03, 0x0b, 0x05, 0x20, 0x05, 0x45, 0x0d, 0x01, 0x23, 0x12, 0x20, 0x05, 0x20, 
    0x07, 0x20, 0x05, 0x20, 0x07, 0x48, 0x1b, 0x22, 0x03, 0x41, 0x02, 0x41, 0x0a, 0x10, 0x87, 0x01, 
    0x22, 0x02, 0x36, 0x02, 0x0c, 0x23, 0x12, 0x20, 0x02, 0x36, 0x02, 0x08, 0x20, 0x02, 0x28, 0x02, 
    0x04, 0x21, 0x04, 0x41, 0x00, 0x21, 0x01, 0x03, 0x40, 0x20, 0x01, 0x20, 0x03, 0x48, 0x04, 0x40, 
    0x23, 0x12, 0x41, 0x02, 0x41, 0x02, 0x10, 0x24, 0x22, 0x05, 0x36, 0x02, 0x10, 0x20, 0x05, 0x20, 
    0x00, 0x20, 0x01, 0x41, 0x01, 0x74, 0x6a, 0x2f, 0x01, 0x00, 0x3b, 0x01, 0x00, 0x20, 0x04, 0x20, 
    0x01, 0x41, 0x02, 0x74, 0x6a, 0x20, 0x05, 0x36, 0x02, 0x00, 0x20, 0x02, 0x20, 0x05, 0x41, 0x01, 
    0x10, 0x14, 0x20, 0x01, 0x41, 0x01, 0x6a, 0x21, 0x01, 0x0c, 0x01, 0x0b, 0x0b, 0x0c, 0x02, 0x0b, 
    0x23, 0x12, 0x41, 0x00, 0x41, 0x02, 0x41, 0x0a, 0x10, 0x87, 0x01, 0x22, 0x06, 0x36, 0x02, 0x18, 
    0x03, 0x40, 0x23, 0x12, 0x20, 0x00, 0x36, 0x02, 0x08, 0x23, 0x12, 0x20, 0x01, 0x36, 0x02, 0x1c, 
    0x23, 0x12, 0x41, 0x08, 0x6b, 0x24, 0x12, 0x10, 0x39, 0x23, 0x12, 0x42, 0x00, 0x37, 0x03, 0x00, 
    0x23, 0x12, 0x20, 0x01, 0x36, 0x02, 0x00, 0x02, 0x40, 0x20, 0x01, 0x10, 0x26, 0x22, 0x09, 0x45, 
    0x04, 0x40, 0x41, 0x00, 0x21, 0x02, 0x0c, 0x01, 0x0b, 0x23, 0x12, 0x20, 0x00, 0x36, 0x02, 0x00, 
    0x20, 0x00, 0x10, 0x26, 0x22, 0x0a, 0x04, 0x40, 0x20, 0x03, 0x41, 0x00, 0x20, 0x03, 0x41, 0x00, 
    0x4a, 0x1b, 0x22, 0x02, 0x20, 0x0a, 0x20, 0x02, 0x20, 0x0a, 0x48, 0x1b, 0x21, 0x02, 0x20, 0x0a, 
    0x20, 0x09, 0x6b, 0x21, 0x0a, 0x03, 0x40, 0x20, 0x02, 0x20, 0x0a, 0x4c, 0x04, 0x40, 0x23, 0x12, 
    0x20, 0x00, 0x36, 0x02, 0x00, 0x23, 0x12, 0x20, 0x01, 0x36, 0x02, 0x04, 0x20, 0x00, 0x20, 0x02, 
    0x20, 0x01, 0x20, 0x09, 0x10, 0x29, 0x45, 0x0d, 0x03, 0x20, 0x02, 0x41, 0x01, 0x6a, 0x21, 0x02, 
    0x0c, 0x01, 0x0b, 0x0b, 0x0b, 0x41, 0x7f, 0x21, 0x02, 0x0b, 0x23, 0x12, 0x41, 0x08, 0x6a, 0x24, 
    0x12, 0x20, 0x02, 0x41, 0x7f, 0x73, 0x04, 0x40, 0x20, 0x02, 0x20, 0x03, 0x6b, 0x22, 0x09, 0x41, 
    0x00, 0x4a, 0x04, 0x40, 0x23, 0x12, 0x20, 0x09, 0x41, 0x01, 0x74, 0x22, 0x09, 0x41, 0x02, 0x10, 
    0x24, 0x22, 0x0a, 0x36, 0x02, 0x20, 0x20, 0x0a, 0x20, 0x00, 0x20, 0x03, 0x41, 0x01, 0x74, 0x6a, 
    0x20, 0x09, 0xfc, 0x0a, 0x00, 0x00, 0x23, 0x12, 0x20, 0x06, 0x36, 0x02, 0x08, 0x23, 0x12, 0x20, 
    0x0a, 0x36, 0x02, 0x1c, 0x20, 0x06, 0x20, 0x0a, 0x10, 0x40, 0x05, 0x23, 0x12, 0x20, 0x06, 0x36, 
    0x02, 0x08, 0x23, 0x12, 0x41, 0xb0, 0x13, 0x36, 0x02, 0x1c, 0x20, 0x06, 0x41, 0xb0, 0x13, 0x10, 
    0x40, 0x0b, 0x20, 0x04, 0x41, 0x01, 0x6a, 0x22, 0x04, 0x20, 0x07, 0x46, 0x0d, 0x04, 0x20, 0x02, 
    0x20, 0x08, 0x6a, 0x21, 0x03, 0x0c, 0x01, 0x0b, 0x0b, 0x20, 0x03, 0x45, 0x04, 0x40, 0x23, 0x12, 
    0x20, 0x06, 0x36, 0x02, 0x08, 0x23, 0x12, 0x20, 0x00, 0x36, 0x02, 0x1c, 0x20, 0x06, 0x20, 0x00, 
    0x10, 0x40, 0x0c, 0x03, 0x0b, 0x20, 0x05, 0x20, 0x03, 0x6b, 0x22, 0x01, 0x41, 0x00, 0x4a, 0x04, 
    0x40, 0x23, 0x12, 0x20, 0x01, 0x41, 0x01, 0x74, 0x22, 0x01, 0x41, 0x02, 0x10, 0x24, 0x22, 0x02, 
    0x36, 0x02, 0x24, 0x20, 0x02, 0x20, 0x00, 0x20, 0x03, 0x41, 0x01, 0x74, 0x6a, 0x20, 0x01, 0xfc, 
    0x0a, 0x00, 0x00, 0x23, 0x12, 0x20, 0x06, 0x36, 0x02, 0x08, 0x23, 0x12, 0x20, 0x02, 0x36, 0x02, 
    0x1c, 0x20, 0x06, 0x20, 0x02, 0x10, 0x40, 0x05, 0x23, 0x12, 0x20, 0x06, 0x36, 0x02, 0x08, 0x23, 
    0x12, 0x41, 0xb0, 0x13, 0x36, 0x02, 0x1c, 0x20, 0x06, 0x41, 0xb0, 0x13, 0x10, 0x40, 0x0b, 0x23, 
    0x12, 0x41, 0x28, 0x6a, 0x24, 0x12, 0x20, 0x06, 0x0f, 0x0b, 0x41, 0x00, 0x41, 0x02, 0x41, 0x0a, 
    0x10, 0x87, 0x01, 0x21, 0x02, 0x0b, 0x23, 0x12, 0x41, 0x28, 0x6a, 0x24, 0x12, 0x20, 0x02, 0x0f, 
    0x0b, 0x23, 0x12, 0x41, 0x28, 0x6a, 0x24, 0x12, 0x20, 0x06, 0x0b, 0x45, 0x01, 0x01, 0x7f, 0x23, 
    0x12, 0x41, 0x0c, 0x6b, 0x24, 0x12, 0x10, 0x39, 0x23, 0x12, 0x42, 0x00, 0x37, 0x03, 0x00, 0x23, 
    0x12, 0x41, 0x00, 0x36, 0x02, 0x08, 0x23, 0x12, 0x41, 0x04, 0x41, 0x07, 0x10, 0x24, 0x22, 0x01, 
    0x36, 0x02, 0x00, 0x23, 0x12, 0x20, 0x01, 0x36, 0x02, 0x04, 0x23, 0x12, 0x20, 0x00, 0x36, 0x02, 
    0x08, 0x20, 0x01, 0x20, 0x00, 0x10, 0x2a, 0x23, 0x12, 0x41, 0x0c, 0x6a, 0x24, 0x12, 0x20, 0x01, 
    0x0b, 0x43, 0x00, 0x23, 0x12, 0x41, 0x08, 0x6b, 0x24, 0x12, 0x10, 0x39, 0x23, 0x12, 0x42, 0x00, 
    0x37, 0x03, 0x00, 0x23, 0x12, 0x20, 0x00, 0x36, 0x02, 0x00, 0x23, 0x12, 0x20, 0x00, 0x36, 0x02, 
    0x04, 0x20, 0x00, 0x20, 0x00, 0x10, 0x26, 0x41, 0x01, 0x6b, 0x10, 0x3d, 0x21, 0x00, 0x23, 0x12, 
    0x20, 0x00, 0x36, 0x02, 0x00, 0x20, 0x00, 0x10, 0x42, 0x21, 0x00, 0x23, 0x12, 0x41, 0x08, 0x6a, 
    0x24, 0x12, 0x20, 0x00, 0x0b, 0xc7, 0x01, 0x01, 0x06, 0x7f, 0x23, 0x12, 0x41, 0x10, 0x6b, 0x24, 
    0x12, 0x10, 0x39, 0x23, 0x12, 0x42, 0x00, 0x37, 0x03, 0x00, 0x23, 0x12, 0x42, 0x00, 0x37, 0x03, 
    0x08, 0x23, 0x12, 0x20, 0x00, 0x36, 0x02, 0x00, 0x23, 0x12, 0x20, 0x00, 0x28, 0x02, 0x0c, 0x22, 
    0x03, 0x41, 0x02, 0x41, 0x09, 0x10, 0x87, 0x01, 0x22, 0x01, 0x36, 0x02, 0x04, 0x23, 0x12, 0x20, 
    0x01, 0x36, 0x02, 0x00, 0x20, 0x01, 0x28, 0x02, 0x04, 0x21, 0x04, 0x03, 0x40, 0x23, 0x12, 0x20, 
    0x00, 0x36, 0x02, 0x00, 0x20, 0x02, 0x20, 0x03, 0x20, 0x00, 0x28, 0x02, 0x0c, 0x22, 0x05, 0x20, 
    0x03, 0x20, 0x05, 0x48, 0x1b, 0x48, 0x04, 0x40, 0x23, 0x12, 0x20, 0x00, 0x36, 0x02, 0x08, 0x23, 
    0x12, 0x20, 0x02, 0x41, 0x02, 0x74, 0x22, 0x05, 0x20, 0x00, 0x28, 0x02, 0x04, 0x6a, 0x28, 0x02, 
    0x00, 0x22, 0x06, 0x36, 0x02, 0x00, 0x23, 0x12, 0x20, 0x00, 0x36, 0x02, 0x08, 0x41, 0x03, 0x24, 
    0x0a, 0x23, 0x12, 0x20, 0x06, 0x20, 0x02, 0x20, 0x00, 0x41, 0xa0, 0x14, 0x28, 0x02, 0x00, 0x11, 
    0x05, 0x00, 0x22, 0x06, 0x36, 0x02, 0x0c, 0x20, 0x04, 0x20, 0x05, 0x6a, 0x20, 0x06, 0x36, 0x02, 
    0x00, 0x20, 0x01, 0x20, 0x06, 0x41, 0x01, 0x10, 0x14, 0x20, 0x02, 0x41, 0x01, 0x6a, 0x21, 0x02, 
    0x0c, 0x01, 0x0b, 0x0b, 0x23, 0x12, 0x41, 0x10, 0x6a, 0x24, 0x12, 0x20, 0x01, 0x0b, 0xcc, 0x01, 
    0x01, 0x03, 0x7f, 0x23, 0x12, 0x41, 0x10, 0x6b, 0x24, 0x12, 0x10, 0x39, 0x23, 0x12, 0x42, 0x00, 
    0x37, 0x03, 0x00, 0x23, 0x12, 0x42, 0x00, 0x37, 0x03, 0x08, 0x23, 0x12, 0x20, 0x00, 0x36, 0x02, 
    0x00, 0x23, 0x12, 0x20, 0x00, 0x36, 0x02, 0x04, 0x23, 0x12, 0x20, 0x00, 0x20, 0x00, 0x10, 0x26, 
    0x41, 0x01, 0x6b, 0x10, 0x3d, 0x22, 0x01, 0x36, 0x02, 0x08, 0x23, 0x12, 0x21, 0x02, 0x23, 0x12, 
    0x20, 0x01, 0x36, 0x02, 0x00, 0x23, 0x12, 0x41, 0xd0, 0x13, 0x36, 0x02, 0x04, 0x41, 0xd0, 0x13, 
    0x21, 0x00, 0x41, 0x01, 0x24, 0x0a, 0x23, 0x12, 0x41, 0x08, 0x6b, 0x24, 0x12, 0x10, 0x39, 0x23, 
    0x12, 0x42, 0x00, 0x37, 0x03, 0x00, 0x02, 0x40, 0x02, 0x40, 0x02, 0x40, 0x02, 0x40, 0x23, 0x0a, 
    0x0e, 0x03, 0x01, 0x02, 0x03, 0x00, 0x0b, 0x00, 0x0b, 0x41, 0x00, 0x21, 0x00, 0x0b, 0x41, 0xff, 
    0xff, 0xff, 0xff, 0x07, 0x21, 0x03, 0x0b, 0x23, 0x12, 0x20, 0x01, 0x36, 0x02, 0x00, 0x23, 0x12, 
    0x20, 0x00, 0x36, 0x02, 0x04, 0x20, 0x01, 0x20, 0x00, 0x20, 0x03, 0x10, 0x41, 0x21, 0x00, 0x23, 
    0x12, 0x41, 0x08, 0x6a, 0x24, 0x12, 0x20, 0x02, 0x20, 0x00, 0x36, 0x02, 0x0c, 0x23, 0x12, 0x20, 
    0x00, 0x36, 0x02, 0x00, 0x23, 0x12, 0x41, 0xa0, 0x14, 0x36, 0x02, 0x04, 0x20, 0x00, 0x10, 0x44, 
    0x21, 0x00, 0x23, 0x12, 0x41, 0x10, 0x6a, 0x24, 0x12, 0x20, 0x00, 0x0b, 0x2e, 0x01, 0x01, 0x7f, 
    0x23, 0x12, 0x41, 0x04, 0x6b, 0x24, 0x12, 0x10, 0x39, 0x23, 0x12, 0x41, 0x00, 0x36, 0x02, 0x00, 
    0x10, 0x01, 0x21, 0x00, 0x23, 0x12, 0x20, 0x00, 0x36, 0x02, 0x00, 0x20, 0x00, 0x10, 0x45, 0x21, 
    0x00, 0x23, 0x12, 0x41, 0x04, 0x6a, 0x24, 0x12, 0x20, 0x00, 0x0b, 0x29, 0x00, 0x23, 0x12, 0x41, 
    0x04, 0x6b, 0x24, 0x12, 0x10, 0x39, 0x23, 0x12, 0x41, 0x00, 0x36, 0x02, 0x00, 0x23, 0x12, 0x20, 
    0x00, 0x36, 0x02, 0x00, 0x20, 0x00, 0x28, 0x02, 0x0c, 0x21, 0x00, 0x23, 0x12, 0x41, 0x04, 0x6a, 
    0x24, 0x12, 0x20, 0x00, 0x0b, 0x6b, 0x00, 0x23, 0x12, 0x41, 0x08, 0x6b, 0x24, 0x12, 0x10, 0x39, 
    0x23, 0x12, 0x42, 0x00, 0x37, 0x03, 0x00, 0x23, 0x12, 0x20, 0x00, 0x36, 0x02, 0x00, 0x20, 0x01, 
    0x20, 0x00, 0x28, 0x02, 0x0c, 0x4f, 0x04, 0x40, 0x41, 0x80, 0x09, 0x41, 0xf0, 0x13, 0x41, 0xf2, 
    0x00, 0x41, 0x2a, 0x10, 0x00, 0x00, 0x0b, 0x23, 0x12, 0x20, 0x00, 0x36, 0x02, 0x00, 0x23, 0x12, 
    0x20, 0x00, 0x28, 0x02, 0x04, 0x20, 0x01, 0x41, 0x02, 0x74, 0x6a, 0x28, 0x02, 0x00, 0x22, 0x00, 
    0x36, 0x02, 0x04, 0x20, 0x00, 0x45, 0x04, 0x40, 0x41, 0xc0, 0x14, 0x41, 0xf0, 0x13, 0x41, 0xf6, 
    0x00, 0x41, 0x28, 0x10, 0x00, 0x00, 0x0b, 0x23, 0x12, 0x41, 0x08, 0x6a, 0x24, 0x12, 0x20, 0x00, 
    0x0b, 0x48, 0x01, 0x01, 0x7f, 0x23, 0x12, 0x41, 0x0c, 0x6b, 0x24, 0x12, 0x10, 0x39, 0x23, 0x12, 
    0x42, 0x00, 0x37, 0x03, 0x00, 0x23, 0x12, 0x41, 0x00, 0x36, 0x02, 0x08, 0x23, 0x12, 0x10, 0x46, 
    0x22, 0x00, 0x36, 0x02, 0x00, 0x23, 0x12, 0x20, 0x00, 0x36, 0x02, 0x04, 0x23, 0x12, 0x20, 0x00, 
    0x36, 0x02, 0x08, 0x20, 0x00, 0x20, 0x00, 0x10, 0x47, 0x41, 0x01, 0x6b, 0x10, 0x48, 0x21, 0x00, 
    0x23, 0x12, 0x41, 0x0c, 0x6a, 0x24, 0x12, 0x20, 0x00, 0x0b, 0x5c, 0x01, 0x01, 0x7f, 0x23, 0x12, 
    0x41, 0x0c, 0x6b, 0x24, 0x12, 0x10, 0x39, 0x23, 0x12, 0x42, 0x00, 0x37, 0x03, 0x00, 0x23, 0x12, 
    0x41, 0x00, 0x36, 0x02, 0x08, 0x23, 0x12, 0x10, 0x46, 0x22, 0x00, 0x36, 0x02, 0x00, 0x23, 0x12, 
    0x20, 0x00, 0x36, 0x02, 0x04, 0x20, 0x00, 0x10, 0x47, 0x41, 0x02, 0x48, 0x04, 0x7f, 0x10, 0x49, 
    0x05, 0x23, 0x12, 0x20, 0x00, 0x36, 0x02, 0x04, 0x23, 0x12, 0x20, 0x00, 0x36, 0x02, 0x08, 0x20, 
    0x00, 0x20, 0x00, 0x10, 0x47, 0x41, 0x02, 0x6b, 0x10, 0x48, 0x0b, 0x21, 0x00, 0x23, 0x12, 0x41, 
    0x0c, 0x6a, 0x24, 0x12, 0x20, 0x00, 0x0b, 0x29, 0x00, 0x23, 0x12, 0x41, 0x04, 0x6b, 0x24, 0x12, 
    0x10, 0x39, 0x23, 0x12, 0x41, 0x00, 0x36, 0x02, 0x00, 0x23, 0x12, 0x20, 0x00, 0x36, 0x02, 0x00, 
    0x20, 0x00, 0x28, 0x02, 0x00, 0x21, 0x00, 0x23, 0x12, 0x41, 0x04, 0x6a, 0x24, 0x12, 0x20, 0x00, 
    0x0b, 0x74, 0x01, 0x03, 0x7f, 0x23, 0x12, 0x41, 0x08, 0x6b, 0x24, 0x12, 0x10, 0x39, 0x23, 0x12, 
    0x42, 0x00, 0x37, 0x03, 0x00, 0x23, 0x12, 0x20, 0x00, 0x36, 0x02, 0x00, 0x20, 0x00, 0x10, 0x26, 
    0x41, 0x01, 0x74, 0x21, 0x03, 0x23, 0x12, 0x20, 0x01, 0x36, 0x02, 0x00, 0x02, 0x40, 0x20, 0x01, 
    0x10, 0x26, 0x41, 0x01, 0x74, 0x22, 0x04, 0x20, 0x03, 0x6a, 0x22, 0x02, 0x45, 0x04, 0x40, 0x41, 
    0xb0, 0x13, 0x21, 0x02, 0x0c, 0x01, 0x0b, 0x23, 0x12, 0x20, 0x02, 0x41, 0x02, 0x10, 0x24, 0x22, 
    0x02, 0x36, 0x02, 0x04, 0x20, 0x02, 0x20, 0x00, 0x20, 0x03, 0xfc, 0x0a, 0x00, 0x00, 0x20, 0x02, 
    0x20, 0x03, 0x6a, 0x20, 0x01, 0x20, 0x04, 0xfc, 0x0a, 0x00, 0x00, 0x0b, 0x23, 0x12, 0x41, 0x08, 
    0x6a, 0x24, 0x12, 0x20, 0x02, 0x0b, 0x31, 0x00, 0x23, 0x12, 0x41, 0x08, 0x6b, 0x24, 0x12, 0x10, 
    0x39, 0x23, 0x12, 0x42, 0x00, 0x37, 0x03, 0x00, 0x23, 0x12, 0x20, 0x00, 0x36, 0x02, 0x00, 0x23, 
    0x12, 0x20, 0x01, 0x36, 0x02, 0x04, 0x20, 0x00, 0x20, 0x01, 0x10, 0x4c, 0x21, 0x00, 0x23, 0x12, 
    0x41, 0x08, 0x6a, 0x24, 0x12, 0x20, 0x00, 0x0b, 0x54, 0x00, 0x23, 0x12, 0x41, 0x10, 0x6b, 0x24, 
    0x12, 0x10, 0x39, 0x23, 0x12, 0x42, 0x00, 0x37, 0x03, 0x00, 0x23, 0x12, 0x42, 0x00, 0x37, 0x03, 
    0x08, 0x23, 0x12, 0x41, 0xd0, 0x0d, 0x36, 0x02, 0x04, 0x23, 0x12, 0x20, 0x00, 0x36, 0x02, 0x0c, 
    0x20, 0x00, 0x10, 0x4b, 0x21, 0x00, 0x23, 0x12, 0x20, 0x00, 0x36, 0x02, 0x08, 0x41, 0xd0, 0x0d, 
    0x20, 0x00, 0x10, 0x4d, 0x21, 0x00, 0x23, 0x12, 0x20, 0x00, 0x36, 0x02, 0x00, 0x20, 0x00, 0x10, 
    0x3c, 0x21, 0x00, 0x23, 0x12, 0x41, 0x10, 0x6a, 0x24, 0x12, 0x20, 0x00, 0x0b, 0x2f, 0x00, 0x23, 
    0x12, 0x41, 0x08, 0x6b, 0x24, 0x12, 0x10, 0x39, 0x23, 0x12, 0x42, 0x00, 0x37, 0x03, 0x00, 0x23, 
    0x12, 0x20, 0x00, 0x36, 0x02, 0x04, 0x23, 0x12, 0x20, 0x00, 0x36, 0x02, 0x00, 0x20, 0x00, 0x10, 
    0x03, 0x21, 0x00, 0x23, 0x12, 0x41, 0x08, 0x6a, 0x24, 0x12, 0x20, 0x00, 0x0b, 0x7f, 0x01, 0x03, 
    0x7f, 0x23, 0x12, 0x41, 0x08, 0x6b, 0x24, 0x12, 0x10, 0x39, 0x23, 0x12, 0x42, 0x00, 0x37, 0x03, 
    0x00, 0x23, 0x12, 0x20, 0x00, 0x36, 0x02, 0x00, 0x20, 0x00, 0x10, 0x2b, 0x21, 0x02, 0x23, 0x12, 
    0x20, 0x01, 0x36, 0x02, 0x00, 0x20, 0x01, 0x10, 0x2b, 0x22, 0x03, 0x20, 0x02, 0x6a, 0x22, 0x04, 
    0x41, 0xfc, 0xff, 0xff, 0xff, 0x03, 0x4b, 0x04, 0x40, 0x41, 0xb0, 0x0b, 0x41, 0xe0, 0x0b, 0x41, 
    0xb2, 0x01, 0x41, 0x07, 0x10, 0x00, 0x00, 0x0b, 0x23, 0x12, 0x20, 0x00, 0x36, 0x02, 0x04, 0x23, 
    0x12, 0x20, 0x04, 0x41, 0x05, 0x10, 0x24, 0x22, 0x04, 0x36, 0x02, 0x04, 0x20, 0x04, 0x20, 0x00, 
    0x20, 0x02, 0xfc, 0x0a, 0x00, 0x00, 0x20, 0x02, 0x20, 0x04, 0x6a, 0x20, 0x01, 0x20, 0x03, 0xfc, 
    0x0a, 0x00, 0x00, 0x23, 0x12, 0x41, 0x08, 0x6a, 0x24, 0x12, 0x20, 0x04, 0x0b, 0xc5, 0x01, 0x01, 
    0x02, 0x7f, 0x23, 0x12, 0x41, 0x14, 0x6b, 0x24, 0x12, 0x10, 0x39, 0x23, 0x12, 0x41, 0x00, 0x41, 
    0x14, 0xfc, 0x0b, 0x00, 0x23, 0x12, 0x20, 0x00, 0x36, 0x02, 0x00, 0x23, 0x12, 0x20, 0x00, 0x36, 
    0x02, 0x10, 0x23, 0x12, 0x20, 0x00, 0x28, 0x02, 0x04, 0x22, 0x03, 0x36, 0x02, 0x08, 0x23, 0x12, 
    0x20, 0x01, 0x36, 0x02, 0x10, 0x02, 0x40, 0x20, 0x01, 0x41, 0x08, 0x6b, 0x28, 0x02, 0x00, 0x41, 
    0x07, 0x46, 0x04, 0x40, 0x23, 0x12, 0x41, 0x10, 0x6b, 0x24, 0x12, 0x10, 0x39, 0x23, 0x12, 0x42, 
    0x00, 0x37, 0x03, 0x00, 0x23, 0x12, 0x42, 0x00, 0x37, 0x03, 0x08, 0x41, 0x00, 0x24, 0x0a, 0x10, 
    0x3b, 0x21, 0x02, 0x23, 0x12, 0x20, 0x02, 0x36, 0x02, 0x04, 0x23, 0x12, 0x20, 0x01, 0x36, 0x02, 
    0x0c, 0x23, 0x12, 0x20, 0x01, 0x28, 0x02, 0x00, 0x22, 0x01, 0x36, 0x02, 0x08, 0x20, 0x02, 0x20, 
    0x01, 0x10, 0x76, 0x21, 0x01, 0x23, 0x12, 0x20, 0x01, 0x36, 0x02, 0x00, 0x20, 0x01, 0x10, 0x54, 
    0x21, 0x01, 0x23, 0x12, 0x41, 0x10, 0x6a, 0x24, 0x12, 0x0c, 0x01, 0x0b, 0x00, 0x0b, 0x23, 0x12, 
    0x20, 0x01, 0x36, 0x02, 0x0c, 0x20, 0x03, 0x20, 0x01, 0x10, 0x50, 0x21, 0x01, 0x23, 0x12, 0x20, 
    0x01, 0x36, 0x02, 0x04, 0x20, 0x00, 0x20, 0x01, 0x10, 0x15, 0x23, 0x12, 0x41, 0x14, 0x6a, 0x24, 
    0x12, 0x20, 0x00, 0x0b, 0x61, 0x01, 0x01, 0x7f, 0x23, 0x12, 0x41, 0x08, 0x6b, 0x24, 0x12, 0x10, 
    0x39, 0x23, 0x12, 0x42, 0x00, 0x37, 0x03, 0x00, 0x23, 0x12, 0x41, 0x20, 0x41, 0x0d, 0x10, 0x24, 
    0x22, 0x04, 0x36, 0x02, 0x00, 0x23, 0x12, 0x20, 0x04, 0x36, 0x02, 0x04, 0x20, 0x04, 0x20, 0x00, 
    0x10, 0x2c, 0x23, 0x12, 0x20, 0x04, 0x36, 0x02, 0x04, 0x20, 0x04, 0x20, 0x01, 0x37, 0x03, 0x08, 
    0x23, 0x12, 0x20, 0x04, 0x36, 0x02, 0x04, 0x20, 0x04, 0x20, 0x02, 0x37, 0x03, 0x10, 0x23, 0x12, 
    0x20, 0x04, 0x36, 0x02, 0x04, 0x20, 0x04, 0x20, 0x03, 0x37, 0x03, 0x18, 0x23, 0x12, 0x41, 0x08, 
    0x6a, 0x24, 0x12, 0x20, 0x04, 0x0b, 0x84, 0x01, 0x01, 0x01, 0x7f, 0x23, 0x12, 0x41, 0x18, 0x6b, 
    0x24, 0x12, 0x10, 0x39, 0x23, 0x12, 0x41, 0x00, 0x41, 0x18, 0xfc, 0x0b, 0x00, 0x23, 0x12, 0x20, 
    0x00, 0x36, 0x02, 0x00, 0x23, 0x12, 0x41, 0x20, 0x10, 0x86, 0x01, 0x22, 0x01, 0x36, 0x02, 0x04, 
    0x23, 0x12, 0x20, 0x00, 0x36, 0x02, 0x08, 0x23, 0x12, 0x20, 0x00, 0x36, 0x02, 0x14, 0x23, 0x12, 
    0x20, 0x00, 0x36, 0x02, 0x10, 0x20, 0x01, 0x20, 0x00, 0x29, 0x03, 0x00, 0x37, 0x03, 0x00, 0x23, 
    0x12, 0x20, 0x00, 0x36, 0x02, 0x10, 0x20, 0x01, 0x20, 0x00, 0x29, 0x03, 0x08, 0x37, 0x03, 0x08, 
    0x23, 0x12, 0x20, 0x00, 0x36, 0x02, 0x10, 0x20, 0x01, 0x20, 0x00, 0x29, 0x03, 0x10, 0x37, 0x03, 
    0x10, 0x23, 0x12, 0x20, 0x00, 0x36, 0x02, 0x10, 0x20, 0x01, 0x20, 0x00, 0x29, 0x03, 0x18, 0x37, 
    0x03, 0x18, 0x23, 0x12, 0x41, 0x18, 0x6a, 0x24, 0x12, 0x20, 0x01, 0x0b, 0x29, 0x00, 0x23, 0x12, 
    0x41, 0x04, 0x6b, 0x24, 0x12, 0x10, 0x39, 0x23, 0x12, 0x41, 0x00, 0x36, 0x02, 0x00, 0x23, 0x12, 
    0x20, 0x00, 0x36, 0x02, 0x00, 0x20, 0x00, 0x28, 0x02, 0x04, 0x21, 0x00, 0x23, 0x12, 0x41, 0x04, 
    0x6a, 0x24, 0x12, 0x20, 0x00, 0x0b, 0x52, 0x01, 0x01, 0x7f, 0x23, 0x12, 0x41, 0x0c, 0x6b, 0x24, 
    0x12, 0x10, 0x39, 0x23, 0x12, 0x42, 0x00, 0x37, 0x03, 0x00, 0x23, 0x12, 0x41, 0x00, 0x36, 0x02, 
    0x08, 0x23, 0x12, 0x41, 0x08, 0x41, 0x13, 0x10, 0x24, 0x22, 0x02, 0x36, 0x02, 0x00, 0x23, 0x12, 
    0x20, 0x02, 0x36, 0x02, 0x04, 0x20, 0x02, 0x20, 0x00, 0x10, 0x16, 0x23, 0x12, 0x20, 0x02, 0x36, 
    0x02, 0x04, 0x23, 0x12, 0x20, 0x01, 0x36, 0x02, 0x08, 0x20, 0x02, 0x20, 0x01, 0x10, 0x15, 0x23, 
    0x12, 0x41, 0x0c, 0x6a, 0x24, 0x12, 0x20, 0x02, 0x0b, 0xab, 0x01, 0x01, 0x01, 0x7f, 0x23, 0x12, 
    0x41, 0x08, 0x6b, 0x24, 0x12, 0x10, 0x39, 0x23, 0x12, 0x42, 0x00, 0x37, 0x03, 0x00, 0x23, 0x12, 
    0x20, 0x00, 0x36, 0x02, 0x00, 0x20, 0x00, 0x10, 0x2b, 0x21, 0x03, 0x20, 0x01, 0x41, 0x00, 0x48, 
    0x04, 0x7f, 0x20, 0x01, 0x20, 0x03, 0x6a, 0x22, 0x01, 0x41, 0x00, 0x20, 0x01, 0x41, 0x00, 0x4a, 
    0x1b, 0x05, 0x20, 0x01, 0x20, 0x03, 0x20, 0x01, 0x20, 0x03, 0x48, 0x1b, 0x0b, 0x21, 0x01, 0x23, 
    0x12, 0x20, 0x00, 0x36, 0x02, 0x04, 0x23, 0x12, 0x20, 0x02, 0x41, 0x00, 0x48, 0x04, 0x7f, 0x20, 
    0x02, 0x20, 0x03, 0x6a, 0x22, 0x02, 0x41, 0x00, 0x20, 0x02, 0x41, 0x00, 0x4a, 0x1b, 0x05, 0x20, 
    0x02, 0x20, 0x03, 0x20, 0x02, 0x20, 0x03, 0x48, 0x1b, 0x0b, 0x20, 0x01, 0x6b, 0x22, 0x02, 0x41, 
    0x00, 0x20, 0x02, 0x41, 0x00, 0x4a, 0x1b, 0x22, 0x02, 0x41, 0x00, 0x41, 0x11, 0x10, 0x87, 0x01, 
    0x22, 0x03, 0x36, 0x02, 0x04, 0x23, 0x12, 0x20, 0x03, 0x36, 0x02, 0x00, 0x20, 0x03, 0x28, 0x02, 
    0x04, 0x20, 0x00, 0x20, 0x01, 0x6a, 0x20, 0x02, 0xfc, 0x0a, 0x00, 0x00, 0x23, 0x12, 0x41, 0x08, 
    0x6a, 0x24, 0x12, 0x20, 0x03, 0x0b, 0x8d, 0x01, 0x01, 0x03, 0x7f, 0x23, 0x12, 0x41, 0x10, 0x6b, 
    0x24, 0x12, 0x10, 0x39, 0x23, 0x12, 0x42, 0x00, 0x37, 0x03, 0x00, 0x23, 0x12, 0x42, 0x00, 0x37, 
    0x03, 0x08, 0x23, 0x12, 0x21, 0x03, 0x23, 0x12, 0x20, 0x00, 0x36, 0x02, 0x08, 0x23, 0x12, 0x20, 
    0x00, 0x28, 0x02, 0x04, 0x22, 0x02, 0x36, 0x02, 0x04, 0x23, 0x12, 0x20, 0x00, 0x36, 0x02, 0x08, 
    0x20, 0x00, 0x28, 0x02, 0x00, 0x21, 0x04, 0x23, 0x12, 0x20, 0x00, 0x36, 0x02, 0x08, 0x20, 0x02, 
    0x20, 0x04, 0x20, 0x00, 0x28, 0x02, 0x00, 0x20, 0x01, 0x6a, 0x10, 0x56, 0x21, 0x02, 0x23, 0x12, 
    0x20, 0x02, 0x36, 0x02, 0x00, 0x20, 0x03, 0x20, 0x02, 0x28, 0x02, 0x04, 0x22, 0x02, 0x36, 0x02, 
    0x0c, 0x23, 0x12, 0x20, 0x00, 0x36, 0x02, 0x00, 0x23, 0x12, 0x20, 0x00, 0x36, 0x02, 0x04, 0x20, 
    0x00, 0x20, 0x00, 0x28, 0x02, 0x00, 0x20, 0x01, 0x6a, 0x10, 0x16, 0x23, 0x12, 0x41, 0x10, 0x6a, 
    0x24, 0x12, 0x20, 0x02, 0x0b, 0x31, 0x00, 0x23, 0x12, 0x41, 0x04, 0x6b, 0x24, 0x12, 0x10, 0x39, 
    0x23, 0x12, 0x41, 0x00, 0x36, 0x02, 0x00, 0x20, 0x00, 0x04, 0x7f, 0x23, 0x12, 0x20, 0x00, 0x36, 
    0x02, 0x00, 0x20, 0x00, 0x10, 0x26, 0x45, 0x05, 0x41, 0x01, 0x0b, 0x21, 0x00, 0x23, 0x12, 0x41, 
    0x04, 0x6a, 0x24, 0x12, 0x20, 0x00, 0x0b, 0x0b, 0x00, 0x20, 0x00, 0x20, 0x01, 0x41, 0x12, 0x10, 
    0x97, 0x01, 0x0b, 0x64, 0x00, 0x23, 0x12, 0x41, 0x04, 0x6b, 0x24, 0x12, 0x10, 0x39, 0x23, 0x12, 
    0x41, 0x00, 0x36, 0x02, 0x00, 0x23, 0x12, 0x20, 0x00, 0x36, 0x02, 0x00, 0x02, 0x40, 0x20, 0x00, 
    0x10, 0x2b, 0x45, 0x04, 0x40, 0x41, 0xb0, 0x13, 0x21, 0x00, 0x0c, 0x01, 0x0b, 0x23, 0x12, 0x20, 
    0x00, 0x36, 0x02, 0x00, 0x23, 0x12, 0x41, 0x04, 0x6b, 0x24, 0x12, 0x10, 0x39, 0x23, 0x12, 0x41, 
    0x00, 0x36, 0x02, 0x00, 0x23, 0x12, 0x20, 0x00, 0x36, 0x02, 0x00, 0x20, 0x00, 0x20, 0x00, 0x10, 
    0x2b, 0x10, 0x88, 0x01, 0x21, 0x00, 0x23, 0x12, 0x41, 0x04, 0x6a, 0x24, 0x12, 0x0b, 0x23, 0x12, 
    0x41, 0x04, 0x6a, 0x24, 0x12, 0x20, 0x00, 0x0b, 0xd1, 0x04, 0x01, 0x03, 0x7f, 0x23, 0x12, 0x41, 
    0x40, 0x6a, 0x24, 0x12, 0x10, 0x39, 0x23, 0x12, 0x41, 0x00, 0x41, 0xc0, 0x00, 0xfc, 0x0b, 0x00, 
    0x23, 0x12, 0x20, 0x00, 0x36, 0x02, 0x00, 0x23, 0x12, 0x21, 0x01, 0x23, 0x12, 0x41, 0x0c, 0x6b, 
    0x24, 0x12, 0x10, 0x39, 0x23, 0x12, 0x42, 0x00, 0x37, 0x03, 0x00, 0x23, 0x12, 0x41, 0x00, 0x36, 
    0x02, 0x08, 0x23, 0x12, 0x20, 0x00, 0x36, 0x02, 0x00, 0x02, 0x7f, 0x20, 0x00, 0x28, 0x02, 0x00, 
    0x41, 0x04, 0x6a, 0x21, 0x02, 0x23, 0x12, 0x20, 0x00, 0x36, 0x02, 0x04, 0x23, 0x12, 0x20, 0x00, 
    0x28, 0x02, 0x04, 0x22, 0x03, 0x36, 0x02, 0x00, 0x20, 0x03, 0x10, 0x2b, 0x20, 0x02, 0x48, 0x04, 
    0x40, 0x23, 0x12, 0x41, 0xa0, 0x17, 0x36, 0x02, 0x08, 0x41, 0x00, 0x41, 0xa0, 0x17, 0x10, 0x55, 
    0x0c, 0x01, 0x0b, 0x23, 0x12, 0x20, 0x00, 0x36, 0x02, 0x04, 0x20, 0x00, 0x41, 0x04, 0x10, 0x57, 
    0x21, 0x02, 0x23, 0x12, 0x20, 0x02, 0x36, 0x02, 0x00, 0x23, 0x12, 0x41, 0x04, 0x6b, 0x24, 0x12, 
    0x10, 0x39, 0x23, 0x12, 0x41, 0x00, 0x36, 0x02, 0x00, 0x23, 0x12, 0x20, 0x02, 0x36, 0x02, 0x00, 
    0x20, 0x02, 0x28, 0x02, 0x00, 0x21, 0x02, 0x23, 0x12, 0x41, 0x04, 0x6a, 0x24, 0x12, 0x20, 0x02, 
    0x41, 0x00, 0x10, 0x55, 0x0b, 0x21, 0x02, 0x23, 0x12, 0x41, 0x0c, 0x6a, 0x24, 0x12, 0x20, 0x01, 
    0x20, 0x02, 0x36, 0x02, 0x04, 0x23, 0x12, 0x20, 0x02, 0x36, 0x02, 0x08, 0x23, 0x12, 0x20, 0x02, 
    0x36, 0x02, 0x0c, 0x23, 0x12, 0x20, 0x02, 0x36, 0x02, 0x10, 0x23, 0x12, 0x20, 0x02, 0x28, 0x02, 
    0x04, 0x22, 0x01, 0x36, 0x02, 0x00, 0x02, 0x40, 0x02, 0x40, 0x02, 0x40, 0x20, 0x01, 0x10, 0x58, 
    0x04, 0x7f, 0x23, 0x12, 0x20, 0x00, 0x36, 0x02, 0x00, 0x20, 0x00, 0x28, 0x02, 0x00, 0x21, 0x01, 
    0x23, 0x12, 0x20, 0x02, 0x36, 0x02, 0x14, 0x23, 0x12, 0x20, 0x02, 0x36, 0x02, 0x18, 0x23, 0x12, 
    0x20, 0x02, 0x36, 0x02, 0x10, 0x23, 0x12, 0x20, 0x02, 0x28, 0x02, 0x04, 0x22, 0x03, 0x36, 0x02, 
    0x00, 0x20, 0x03, 0x10, 0x58, 0x45, 0x04, 0x40, 0x23, 0x12, 0x20, 0x02, 0x36, 0x02, 0x00, 0x23, 
    0x12, 0x20, 0x02, 0x28, 0x02, 0x04, 0x22, 0x00, 0x36, 0x02, 0x1c, 0x20, 0x00, 0x45, 0x0d, 0x02, 
    0x0c, 0x04, 0x0b, 0x23, 0x12, 0x20, 0x02, 0x36, 0x02, 0x20, 0x23, 0x12, 0x20, 0x02, 0x36, 0x02, 
    0x00, 0x20, 0x01, 0x20, 0x02, 0x28, 0x02, 0x00, 0x6a, 0x21, 0x01, 0x23, 0x12, 0x20, 0x00, 0x36, 
    0x02, 0x10, 0x23, 0x12, 0x20, 0x00, 0x28, 0x02, 0x04, 0x22, 0x03, 0x36, 0x02, 0x00, 0x20, 0x03, 
    0x10, 0x2b, 0x20, 0x01, 0x48, 0x05, 0x41, 0x01, 0x0b, 0x04, 0x40, 0x23, 0x12, 0x41, 0xb0, 0x13, 
    0x36, 0x02, 0x10, 0x23, 0x12, 0x41, 0xa0, 0x1a, 0x36, 0x02, 0x24, 0x41, 0xb0, 0x13, 0x41, 0xa0, 
    0x1a, 0x10, 0x59, 0x21, 0x00, 0x0c, 0x02, 0x0b, 0x23, 0x12, 0x21, 0x01, 0x23, 0x12, 0x20, 0x00, 
    0x36, 0x02, 0x10, 0x23, 0x12, 0x20, 0x02, 0x36, 0x02, 0x28, 0x23, 0x12, 0x20, 0x02, 0x36, 0x02, 
    0x2c, 0x23, 0x12, 0x20, 0x02, 0x36, 0x02, 0x30, 0x23, 0x12, 0x20, 0x02, 0x28, 0x02, 0x04, 0x22, 
    0x03, 0x36, 0x02, 0x24, 0x20, 0x03, 0x10, 0x58, 0x45, 0x04, 0x40, 0x23, 0x12, 0x20, 0x02, 0x36, 
    0x02, 0x24, 0x23, 0x12, 0x20, 0x02, 0x28, 0x02, 0x04, 0x22, 0x00, 0x36, 0x02, 0x34, 0x20, 0x00, 
    0x45, 0x0d, 0x01, 0x0c, 0x03, 0x0b, 0x23, 0x12, 0x20, 0x02, 0x36, 0x02, 0x38, 0x23, 0x12, 0x20, 
    0x02, 0x36, 0x02, 0x24, 0x20, 0x00, 0x20, 0x02, 0x28, 0x02, 0x00, 0x10, 0x57, 0x21, 0x00, 0x23, 
    0x12, 0x20, 0x00, 0x36, 0x02, 0x00, 0x20, 0x01, 0x20, 0x00, 0x10, 0x5a, 0x22, 0x00, 0x36, 0x02, 
    0x3c, 0x23, 0x12, 0x20, 0x00, 0x36, 0x02, 0x10, 0x20, 0x00, 0x41, 0x00, 0x10, 0x59, 0x21, 0x00, 
    0x0c, 0x01, 0x0b, 0x41, 0xb0, 0x18, 0x41, 0xb0, 0x19, 0x41, 0xc6, 0x00, 0x41, 0x15, 0x10, 0x00, 
    0x00, 0x0b, 0x23, 0x12, 0x41, 0x40, 0x6b, 0x24, 0x12, 0x20, 0x00, 0x0f, 0x0b, 0x20, 0x00, 0x41, 
    0xb0, 0x19, 0x41, 0xc6, 0x00, 0x41, 0x07, 0x10, 0x00, 0x00, 0x0b, 0x6f, 0x01, 0x02, 0x7f, 0x23, 
    0x12, 0x41, 0x08, 0x6b, 0x24, 0x12, 0x10, 0x39, 0x23, 0x12, 0x42, 0x00, 0x37, 0x03, 0x00, 0x02, 
    0x40, 0x20, 0x00, 0x20, 0x01, 0x46, 0x04, 0x40, 0x41, 0x01, 0x21, 0x02, 0x0c, 0x01, 0x0b, 0x20, 
    0x01, 0x45, 0x20, 0x00, 0x45, 0x72, 0x0d, 0x00, 0x23, 0x12, 0x20, 0x00, 0x36, 0x02, 0x00, 0x20, 
    0x00, 0x10, 0x26, 0x21, 0x03, 0x23, 0x12, 0x20, 0x01, 0x36, 0x02, 0x00, 0x20, 0x01, 0x10, 0x26, 
    0x20, 0x03, 0x47, 0x0d, 0x00, 0x23, 0x12, 0x20, 0x00, 0x36, 0x02, 0x00, 0x23, 0x12, 0x20, 0x01, 
    0x36, 0x02, 0x04, 0x20, 0x00, 0x41, 0x00, 0x20, 0x01, 0x20, 0x03, 0x10, 0x29, 0x45, 0x21, 0x02, 
    0x0b, 0x23, 0x12, 0x41, 0x08, 0x6a, 0x24, 0x12, 0x20, 0x02, 0x0b, 0x32, 0x00, 0x23, 0x12, 0x41, 
    0x08, 0x6b, 0x24, 0x12, 0x10, 0x39, 0x23, 0x12, 0x42, 0x00, 0x37, 0x03, 0x00, 0x23, 0x12, 0x20, 
    0x00, 0x36, 0x02, 0x00, 0x23, 0x12, 0x41, 0x00, 0x36, 0x02, 0x04, 0x20, 0x00, 0x41, 0x00, 0x10, 
    0x5c, 0x45, 0x21, 0x00, 0x23, 0x12, 0x41, 0x08, 0x6a, 0x24, 0x12, 0x20, 0x00, 0x0b, 0xbb, 0x02, 
    0x01, 0x04, 0x7f, 0x23, 0x12, 0x41, 0x14, 0x6b, 0x24, 0x12, 0x10, 0x39, 0x23, 0x12, 0x41, 0x00, 
    0x41, 0x14, 0xfc, 0x0b, 0x00, 0x02, 0x40, 0x20, 0x01, 0x41, 0x01, 0x6b, 0x22, 0x04, 0x41, 0x00, 
    0x48, 0x04, 0x40, 0x41, 0xb0, 0x13, 0x21, 0x00, 0x0c, 0x01, 0x0b, 0x20, 0x04, 0x45, 0x04, 0x40, 
    0x23, 0x12, 0x20, 0x00, 0x28, 0x02, 0x00, 0x22, 0x00, 0x36, 0x02, 0x00, 0x23, 0x12, 0x20, 0x00, 
    0x36, 0x02, 0x04, 0x20, 0x00, 0x10, 0x5d, 0x04, 0x40, 0x23, 0x12, 0x20, 0x00, 0x36, 0x02, 0x04, 
    0x05, 0x41, 0xb0, 0x13, 0x21, 0x00, 0x0b, 0x0c, 0x01, 0x0b, 0x41, 0xb0, 0x13, 0x21, 0x01, 0x23, 
    0x12, 0x41, 0xb0, 0x13, 0x36, 0x02, 0x08, 0x23, 0x12, 0x20, 0x02, 0x36, 0x02, 0x04, 0x20, 0x02, 
    0x10, 0x26, 0x21, 0x06, 0x03, 0x40, 0x20, 0x04, 0x20, 0x05, 0x4a, 0x04, 0x40, 0x23, 0x12, 0x20, 
    0x00, 0x20, 0x05, 0x41, 0x02, 0x74, 0x6a, 0x28, 0x02, 0x00, 0x22, 0x03, 0x36, 0x02, 0x00, 0x23, 
    0x12, 0x20, 0x03, 0x36, 0x02, 0x04, 0x20, 0x03, 0x10, 0x5d, 0x04, 0x40, 0x23, 0x12, 0x20, 0x01, 
    0x36, 0x02, 0x04, 0x23, 0x12, 0x20, 0x03, 0x36, 0x02, 0x10, 0x23, 0x12, 0x20, 0x03, 0x36, 0x02, 
    0x0c, 0x23, 0x12, 0x20, 0x01, 0x20, 0x03, 0x10, 0x4d, 0x22, 0x01, 0x36, 0x02, 0x08, 0x0b, 0x20, 
    0x06, 0x04, 0x40, 0x23, 0x12, 0x20, 0x01, 0x36, 0x02, 0x04, 0x23, 0x12, 0x20, 0x02, 0x36, 0x02, 
    0x0c, 0x23, 0x12, 0x20, 0x01, 0x20, 0x02, 0x10, 0x4d, 0x22, 0x01, 0x36, 0x02, 0x08, 0x0b, 0x20, 
    0x05, 0x41, 0x01, 0x6a, 0x21, 0x05, 0x0c, 0x01, 0x0b, 0x0b, 0x23, 0x12, 0x20, 0x00, 0x20, 0x04, 
    0x41, 0x02, 0x74, 0x6a, 0x28, 0x02, 0x00, 0x22, 0x00, 0x36, 0x02, 0x00, 0x23, 0x12, 0x20, 0x00, 
    0x36, 0x02, 0x04, 0x20, 0x00, 0x10, 0x5d, 0x04, 0x40, 0x23, 0x12, 0x20, 0x01, 0x36, 0x02, 0x04, 
    0x23, 0x12, 0x20, 0x00, 0x36, 0x02, 0x10, 0x23, 0x12, 0x20, 0x00, 0x36, 0x02, 0x0c, 0x23, 0x12, 
    0x20, 0x01, 0x20, 0x00, 0x10, 0x4d, 0x22, 0x01, 0x36, 0x02, 0x08, 0x0b, 0x20, 0x01, 0x21, 0x00, 
    0x0b, 0x23, 0x12, 0x41, 0x14, 0x6a, 0x24, 0x12, 0x20, 0x00, 0x0b, 0x44, 0x01, 0x01, 0x7f, 0x23, 
    0x12, 0x41, 0x08, 0x6b, 0x24, 0x12, 0x10, 0x39, 0x23, 0x12, 0x42, 0x00, 0x37, 0x03, 0x00, 0x23, 
    0x12, 0x20, 0x00, 0x36, 0x02, 0x04, 0x20, 0x00, 0x41, 0x14, 0x6b, 0x28, 0x02, 0x10, 0x41, 0x02, 
    0x76, 0x21, 0x01, 0x23, 0x12, 0x41, 0xb0, 0x13, 0x36, 0x02, 0x00, 0x20, 0x00, 0x20, 0x01, 0x41, 
    0xb0, 0x13, 0x10, 0x5e, 0x21, 0x00, 0x23, 0x12, 0x41, 0x08, 0x6a, 0x24, 0x12, 0x20, 0x00, 0x0b, 
    0x0b, 0x00, 0x20, 0x00, 0x20, 0x01, 0x41, 0x15, 0x10, 0x97, 0x01, 0x0b, 0x29, 0x00, 0x23, 0x12, 
    0x41, 0x04, 0x6b, 0x24, 0x12, 0x10, 0x39, 0x23, 0x12, 0x41, 0x00, 0x36, 0x02, 0x00, 0x23, 0x12, 
    0x20, 0x00, 0x36, 0x02, 0x00, 0x20, 0x00, 0x28, 0x02, 0x08, 0x21, 0x00, 0x23, 0x12, 0x41, 0x04, 
    0x6a, 0x24, 0x12, 0x20, 0x00, 0x0b, 0xe7, 0x02, 0x01, 0x04, 0x7f, 0x23, 0x12, 0x41, 0x0c, 0x6b, 
    0x24, 0x12, 0x10, 0x39, 0x23, 0x12, 0x42, 0x00, 0x37, 0x03, 0x00, 0x23, 0x12, 0x41, 0x00, 0x36, 
    0x02, 0x08, 0x23, 0x12, 0x21, 0x04, 0x23, 0x12, 0x20, 0x00, 0x36, 0x02, 0x00, 0x23, 0x12, 0x20, 
    0x00, 0x36, 0x02, 0x04, 0x41, 0x01, 0x24, 0x0a, 0x23, 0x12, 0x41, 0x04, 0x6b, 0x24, 0x12, 0x10, 
    0x39, 0x23, 0x12, 0x41, 0x00, 0x36, 0x02, 0x00, 0x02, 0x40, 0x02, 0x40, 0x02, 0x40, 0x23, 0x0a, 
    0x41, 0x01, 0x6b, 0x0e, 0x03, 0x01, 0x01, 0x02, 0x00, 0x0b, 0x00, 0x0b, 0x41, 0x7f, 0x21, 0x02, 
    0x0b, 0x23, 0x12, 0x20, 0x00, 0x36, 0x02, 0x00, 0x23, 0x12, 0x41, 0x0c, 0x6b, 0x24, 0x12, 0x10, 
    0x39, 0x23, 0x12, 0x42, 0x00, 0x37, 0x03, 0x00, 0x23, 0x12, 0x41, 0x00, 0x36, 0x02, 0x08, 0x23, 
    0x12, 0x20, 0x00, 0x22, 0x01, 0x36, 0x02, 0x00, 0x23, 0x12, 0x20, 0x00, 0x36, 0x02, 0x04, 0x20, 
    0x00, 0x10, 0x2b, 0x21, 0x03, 0x20, 0x02, 0x22, 0x00, 0x41, 0x00, 0x48, 0x04, 0x40, 0x20, 0x00, 
    0x41, 0x7f, 0x46, 0x04, 0x7f, 0x20, 0x03, 0x05, 0x41, 0xb0, 0x0b, 0x41, 0xf0, 0x1d, 0x41, 0xcd, 
    0x0e, 0x41, 0x07, 0x10, 0x00, 0x00, 0x0b, 0x21, 0x00, 0x05, 0x20, 0x00, 0x20, 0x03, 0x4a, 0x04, 
    0x40, 0x41, 0xb0, 0x0b, 0x41, 0xf0, 0x1d, 0x41, 0xd2, 0x0e, 0x41, 0x07, 0x10, 0x00, 0x00, 0x0b, 
    0x0b, 0x23, 0x12, 0x41, 0x0c, 0x41, 0x0e, 0x10, 0x24, 0x22, 0x02, 0x36, 0x02, 0x08, 0x20, 0x02, 
    0x20, 0x01, 0x36, 0x02, 0x00, 0x20, 0x02, 0x20, 0x01, 0x41, 0x00, 0x10, 0x14, 0x20, 0x02, 0x20, 
    0x00, 0x36, 0x02, 0x08, 0x20, 0x02, 0x20, 0x01, 0x36, 0x02, 0x04, 0x23, 0x12, 0x41, 0x0c, 0x6a, 
    0x24, 0x12, 0x23, 0x12, 0x41, 0x04, 0x6a, 0x24, 0x12, 0x20, 0x04, 0x20, 0x02, 0x36, 0x02, 0x08, 
    0x23, 0x12, 0x20, 0x02, 0x36, 0x02, 0x04, 0x20, 0x02, 0x10, 0x61, 0x04, 0x7f, 0x23, 0x12, 0x20, 
    0x02, 0x36, 0x02, 0x04, 0x20, 0x02, 0x10, 0x61, 0x41, 0x1f, 0x71, 0x45, 0x05, 0x41, 0x00, 0x0b, 
    0x45, 0x04, 0x40, 0x41, 0x00, 0x41, 0xb0, 0x1e, 0x41, 0xeb, 0x00, 0x41, 0x05, 0x10, 0x00, 0x00, 
    0x0b, 0x23, 0x12, 0x20, 0x02, 0x36, 0x02, 0x04, 0x20, 0x02, 0x28, 0x02, 0x04, 0x22, 0x00, 0x29, 
    0x03, 0x00, 0x20, 0x00, 0x29, 0x03, 0x08, 0x20, 0x00, 0x29, 0x03, 0x10, 0x20, 0x00, 0x29, 0x03, 
    0x18, 0x10, 0x52, 0x21, 0x00, 0x23, 0x12, 0x41, 0x0c, 0x6a, 0x24, 0x12, 0x20, 0x00, 0x0b, 0xad, 
    0x01, 0x01, 0x02, 0x7f, 0x23, 0x12, 0x41, 0x10, 0x6b, 0x24, 0x12, 0x10, 0x39, 0x23, 0x12, 0x42, 
    0x00, 0x37, 0x03, 0x00, 0x23, 0x12, 0x42, 0x00, 0x37, 0x03, 0x08, 0x23, 0x12, 0x20, 0x00, 0x36, 
    0x02, 0x00, 0x02, 0x7f, 0x20, 0x00, 0x28, 0x02, 0x00, 0x41, 0x20, 0x6a, 0x21, 0x02, 0x23, 0x12, 
    0x20, 0x00, 0x36, 0x02, 0x04, 0x23, 0x12, 0x20, 0x00, 0x28, 0x02, 0x04, 0x22, 0x01, 0x36, 0x02, 
    0x00, 0x20, 0x01, 0x10, 0x2b, 0x20, 0x02, 0x48, 0x04, 0x40, 0x42, 0x00, 0x42, 0x00, 0x42, 0x00, 
    0x42, 0x00, 0x10, 0x52, 0x21, 0x00, 0x23, 0x12, 0x20, 0x00, 0x36, 0x02, 0x04, 0x23, 0x12, 0x41, 
    0xe0, 0x1c, 0x36, 0x02, 0x08, 0x20, 0x00, 0x41, 0xe0, 0x1c, 0x10, 0x60, 0x0c, 0x01, 0x0b, 0x23, 
    0x12, 0x21, 0x01, 0x23, 0x12, 0x20, 0x00, 0x36, 0x02, 0x04, 0x20, 0x00, 0x41, 0x20, 0x10, 0x57, 
    0x21, 0x00, 0x23, 0x12, 0x20, 0x00, 0x36, 0x02, 0x00, 0x20, 0x01, 0x20, 0x00, 0x10, 0x62, 0x22, 
    0x00, 0x36, 0x02, 0x0c, 0x23, 0x12, 0x20, 0x00, 0x36, 0x02, 0x04, 0x20, 0x00, 0x41, 0x00, 0x10, 
    0x60, 0x0b, 0x21, 0x00, 0x23, 0x12, 0x41, 0x10, 0x6a, 0x24, 0x12, 0x20, 0x00, 0x0b, 0x42, 0x00, 
    0x23, 0x12, 0x41, 0x0c, 0x6b, 0x24, 0x12, 0x10, 0x39, 0x23, 0x12, 0x42, 0x00, 0x37, 0x03, 0x00, 
    0x23, 0x12, 0x41, 0x00, 0x36, 0x02, 0x08, 0x23, 0x12, 0x20, 0x00, 0x36, 0x02, 0x04, 0x23, 0x12, 
    0x20, 0x00, 0x36, 0x02, 0x00, 0x23, 0x12, 0x20, 0x00, 0x10, 0x04, 0x22, 0x00, 0x36, 0x02, 0x08, 
    0x23, 0x12, 0x20, 0x00, 0x36, 0x02, 0x00, 0x23, 0x12, 0x41, 0x0c, 0x6a, 0x24, 0x12, 0x20, 0x00, 
    0x0b, 0x2c, 0x01, 0x01, 0x7f, 0x23, 0x12, 0x41, 0x04, 0x6b, 0x24, 0x12, 0x10, 0x39, 0x23, 0x12, 
    0x41, 0x00, 0x36, 0x02, 0x00, 0x23, 0x12, 0x23, 0x0f, 0x22, 0x00, 0x36, 0x02, 0x00, 0x20, 0x00, 
    0x10, 0x64, 0x21, 0x00, 0x23, 0x12, 0x41, 0x04, 0x6a, 0x24, 0x12, 0x20, 0x00, 0x0b, 0xda, 0x01, 
    0x01, 0x07, 0x7e, 0x23, 0x12, 0x41, 0x04, 0x6b, 0x24, 0x12, 0x10, 0x39, 0x23, 0x12, 0x41, 0x00, 
    0x36, 0x02, 0x00, 0x23, 0x12, 0x20, 0x00, 0x36, 0x02, 0x00, 0x20, 0x00, 0x29, 0x03, 0x00, 0x21, 
    0x06, 0x23, 0x12, 0x20, 0x00, 0x36, 0x02, 0x00, 0x20, 0x00, 0x29, 0x03, 0x08, 0x21, 0x05, 0x23, 
    0x12, 0x20, 0x00, 0x36, 0x02, 0x00, 0x20, 0x00, 0x29, 0x03, 0x10, 0x21, 0x02, 0x23, 0x12, 0x20, 
    0x00, 0x36, 0x02, 0x00, 0x20, 0x00, 0x29, 0x03, 0x18, 0x21, 0x04, 0x23, 0x12, 0x20, 0x01, 0x36, 
    0x02, 0x00, 0x20, 0x01, 0x29, 0x03, 0x00, 0x21, 0x07, 0x23, 0x12, 0x20, 0x01, 0x36, 0x02, 0x00, 
    0x20, 0x01, 0x29, 0x03, 0x08, 0x21, 0x08, 0x23, 0x12, 0x20, 0x01, 0x36, 0x02, 0x00, 0x20, 0x01, 
    0x29, 0x03, 0x10, 0x21, 0x03, 0x23, 0x12, 0x20, 0x01, 0x36, 0x02, 0x00, 0x20, 0x02, 0x20, 0x03, 
    0x7c, 0x20, 0x05, 0x20, 0x08, 0x83, 0x20, 0x05, 0x20, 0x08, 0x84, 0x20, 0x06, 0x20, 0x07, 0x7c, 
    0x22, 0x07, 0x20, 0x06, 0x54, 0xad, 0x20, 0x05, 0x20, 0x08, 0x7c, 0x7c, 0x22, 0x05, 0x42, 0x7f, 
    0x85, 0x83, 0x84, 0x42, 0x3f, 0x88, 0x7c, 0x21, 0x06, 0x20, 0x07, 0x20, 0x05, 0x20, 0x06, 0x20, 
    0x04, 0x20, 0x01, 0x29, 0x03, 0x18, 0x7c, 0x20, 0x02, 0x20, 0x03, 0x83, 0x20, 0x02, 0x20, 0x03, 
    0x84, 0x20, 0x06, 0x42, 0x7f, 0x85, 0x83, 0x84, 0x42, 0x3f, 0x88, 0x7c, 0x10, 0x52, 0x21, 0x00, 
    0x23, 0x12, 0x41, 0x04, 0x6a, 0x24, 0x12, 0x20, 0x00, 0x0b, 0xba, 0x01, 0x01, 0x06, 0x7e, 0x23, 
    0x12, 0x41, 0x04, 0x6b, 0x24, 0x12, 0x10, 0x39, 0x23, 0x12, 0x41, 0x00, 0x36, 0x02, 0x00, 0x23, 
    0x12, 0x20, 0x00, 0x36, 0x02, 0x00, 0x20, 0x00, 0x29, 0x03, 0x18, 0x21, 0x06, 0x23, 0x12, 0x20, 
    0x00, 0x36, 0x02, 0x00, 0x20, 0x00, 0x29, 0x03, 0x10, 0x21, 0x07, 0x23, 0x12, 0x20, 0x01, 0x36, 
    0x02, 0x00, 0x20, 0x01, 0x29, 0x03, 0x18, 0x21, 0x02, 0x23, 0x12, 0x20, 0x01, 0x36, 0x02, 0x00, 
    0x20, 0x01, 0x29, 0x03, 0x10, 0x21, 0x03, 0x23, 0x12, 0x20, 0x00, 0x36, 0x02, 0x00, 0x20, 0x00, 
    0x29, 0x03, 0x08, 0x21, 0x04, 0x23, 0x12, 0x20, 0x01, 0x36, 0x02, 0x00, 0x20, 0x01, 0x29, 0x03, 
    0x08, 0x21, 0x05, 0x20, 0x02, 0x20, 0x06, 0x51, 0x04, 0x7f, 0x20, 0x03, 0x20, 0x07, 0x51, 0x04, 
    0x7f, 0x20, 0x04, 0x20, 0x05, 0x51, 0x04, 0x7f, 0x23, 0x12, 0x20, 0x00, 0x36, 0x02, 0x00, 0x20, 
    0x00, 0x29, 0x03, 0x00, 0x21, 0x02, 0x23, 0x12, 0x20, 0x01, 0x36, 0x02, 0x00, 0x20, 0x02, 0x20, 
    0x01, 0x29, 0x03, 0x00, 0x54, 0x05, 0x20, 0x04, 0x20, 0x05, 0x54, 0x0b, 0x05, 0x20, 0x03, 0x20, 
    0x07, 0x56, 0x0b, 0x05, 0x20, 0x02, 0x20, 0x06, 0x56, 0x0b, 0x21, 0x00, 0x23, 0x12, 0x41, 0x04, 
    0x6a, 0x24, 0x12, 0x20, 0x00, 0x0b, 0x42, 0x00, 0x23, 0x12, 0x41, 0x0c, 0x6b, 0x24, 0x12, 0x10, 
    0x39, 0x23, 0x12, 0x42, 0x00, 0x37, 0x03, 0x00, 0x23, 0x12, 0x41, 0x00, 0x36, 0x02, 0x08, 0x23, 
    0x12, 0x20, 0x00, 0x36, 0x02, 0x08, 0x23, 0x12, 0x20, 0x00, 0x36, 0x02, 0x00, 0x23, 0x12, 0x20, 
    0x01, 0x36, 0x02, 0x08, 0x23, 0x12, 0x20, 0x01, 0x36, 0x02, 0x04, 0x20, 0x00, 0x20, 0x01, 0x10, 
    0x05, 0x23, 0x12, 0x41, 0x0c, 0x6a, 0x24, 0x12, 0x0b, 0x6b, 0x00, 0x23, 0x12, 0x41, 0x0c, 0x6b, 
    0x24, 0x12, 0x10, 0x39, 0x23, 0x12, 0x42, 0x00, 0x37, 0x03, 0x00, 0x23, 0x12, 0x41, 0x00, 0x36, 
    0x02, 0x08, 0x23, 0x12, 0x20, 0x00, 0x36, 0x02, 0x00, 0x23, 0x12, 0x20, 0x00, 0x10, 0x4e, 0x22, 
    0x00, 0x36, 0x02, 0x04, 0x23, 0x12, 0x20, 0x00, 0x36, 0x02, 0x00, 0x02, 0x7f, 0x20, 0x00, 0x10, 
    0x4f, 0x04, 0x40, 0x23, 0x12, 0x20, 0x00, 0x36, 0x02, 0x08, 0x20, 0x00, 0x10, 0x64, 0x21, 0x00, 
    0x23, 0x12, 0x20, 0x00, 0x36, 0x02, 0x00, 0x20, 0x00, 0x10, 0x62, 0x0c, 0x01, 0x0b, 0x42, 0x00, 
    0x42, 0x00, 0x42, 0x00, 0x42, 0x00, 0x10, 0x52, 0x0b, 0x21, 0x00, 0x23, 0x12, 0x41, 0x0c, 0x6a, 
    0x24, 0x12, 0x20, 0x00, 0x0b, 0xb2, 0x02, 0x02, 0x01, 0x7e, 0x01, 0x7f, 0x23, 0x12, 0x41, 0x18, 
    0x6b, 0x24, 0x12, 0x10, 0x39, 0x23, 0x12, 0x41, 0x00, 0x41, 0x18, 0xfc, 0x0b, 0x00, 0x23, 0x12, 
    0x20, 0x00, 0x36, 0x02, 0x00, 0x23, 0x12, 0x20, 0x00, 0x10, 0x4e, 0x22, 0x00, 0x36, 0x02, 0x04, 
    0x23, 0x12, 0x20, 0x01, 0x36, 0x02, 0x08, 0x23, 0x12, 0x42, 0x00, 0x42, 0x00, 0x42, 0x00, 0x42, 
    0x00, 0x10, 0x52, 0x22, 0x03, 0x36, 0x02, 0x0c, 0x23, 0x12, 0x20, 0x01, 0x36, 0x02, 0x00, 0x20, 
    0x01, 0x29, 0x03, 0x00, 0x21, 0x02, 0x23, 0x12, 0x20, 0x03, 0x36, 0x02, 0x00, 0x20, 0x02, 0x20, 
    0x03, 0x29, 0x03, 0x00, 0x51, 0x04, 0x7f, 0x23, 0x12, 0x20, 0x01, 0x36, 0x02, 0x00, 0x20, 0x01, 
    0x29, 0x03, 0x08, 0x21, 0x02, 0x23, 0x12, 0x20, 0x03, 0x36, 0x02, 0x00, 0x20, 0x02, 0x20, 0x03, 
    0x29, 0x03, 0x08, 0x51, 0x05, 0x41, 0x00, 0x0b, 0x04, 0x7f, 0x23, 0x12, 0x20, 0x01, 0x36, 0x02, 
    0x00, 0x20, 0x01, 0x29, 0x03, 0x10, 0x21, 0x02, 0x23, 0x12, 0x20, 0x03, 0x36, 0x02, 0x00, 0x20, 
    0x02, 0x20, 0x03, 0x29, 0x03, 0x10, 0x51, 0x05, 0x41, 0x00, 0x0b, 0x04, 0x7f, 0x23, 0x12, 0x20, 
    0x01, 0x36, 0x02, 0x00, 0x20, 0x01, 0x29, 0x03, 0x18, 0x21, 0x02, 0x23, 0x12, 0x20, 0x03, 0x36, 
    0x02, 0x00, 0x20, 0x02, 0x20, 0x03, 0x29, 0x03, 0x18, 0x51, 0x05, 0x41, 0x00, 0x0b, 0x04, 0x40, 
    0x23, 0x12, 0x20, 0x00, 0x36, 0x02, 0x00, 0x20, 0x00, 0x10, 0x4f, 0x04, 0x40, 0x23, 0x12, 0x20, 
    0x00, 0x36, 0x02, 0x00, 0x23, 0x12, 0x41, 0x08, 0x6b, 0x24, 0x12, 0x10, 0x39, 0x23, 0x12, 0x42, 
    0x00, 0x37, 0x03, 0x00, 0x23, 0x12, 0x20, 0x00, 0x36, 0x02, 0x04, 0x23, 0x12, 0x20, 0x00, 0x36, 
    0x02, 0x00, 0x20, 0x00, 0x10, 0x06, 0x23, 0x12, 0x41, 0x08, 0x6a, 0x24, 0x12, 0x0b, 0x05, 0x23, 
    0x12, 0x20, 0x00, 0x36, 0x02, 0x00, 0x23, 0x12, 0x20, 0x01, 0x36, 0x02, 0x14, 0x20, 0x01, 0x10, 
    0x53, 0x21, 0x01, 0x23, 0x12, 0x20, 0x01, 0x36, 0x02, 0x10, 0x20, 0x00, 0x20, 0x01, 0x10, 0x68, 
    0x0b, 0x23, 0x12, 0x41, 0x18, 0x6a, 0x24, 0x12, 0x0b, 0x24, 0x00, 0x23, 0x12, 0x41, 0x04, 0x6b, 
    0x24, 0x12, 0x10, 0x39, 0x23, 0x12, 0x41, 0x00, 0x36, 0x02, 0x00, 0x23, 0x12, 0x20, 0x00, 0x36, 
    0x02, 0x00, 0x20, 0x00, 0x10, 0x07, 0x23, 0x12, 0x41, 0x04, 0x6a, 0x24, 0x12, 0x0b, 0xcf, 0x06, 
    0x01, 0x03, 0x7f, 0x23, 0x12, 0x41, 0xdc, 0x00, 0x6b, 0x24, 0x12, 0x10, 0x39, 0x23, 0x12, 0x41, 
    0x00, 0x41, 0xdc, 0x00, 0xfc, 0x0b, 0x00, 0x23, 0x12, 0x20, 0x00, 0x36, 0x02, 0x00, 0x23, 0x12, 
    0x20, 0x00, 0x10, 0x3a, 0x22, 0x00, 0x36, 0x02, 0x04, 0x23, 0x12, 0x21, 0x01, 0x23, 0x12, 0x20, 
    0x00, 0x36, 0x02, 0x00, 0x23, 0x12, 0x20, 0x00, 0x10, 0x5b, 0x22, 0x02, 0x36, 0x02, 0x08, 0x23, 
    0x12, 0x41, 0xb0, 0x1b, 0x36, 0x02, 0x0c, 0x23, 0x12, 0x20, 0x02, 0x36, 0x02, 0x10, 0x23, 0x12, 
    0x20, 0x02, 0x36, 0x02, 0x14, 0x23, 0x12, 0x20, 0x02, 0x36, 0x02, 0x18, 0x23, 0x12, 0x20, 0x02, 
    0x28, 0x02, 0x04, 0x22, 0x03, 0x36, 0x02, 0x00, 0x02, 0x40, 0x20, 0x03, 0x10, 0x58, 0x45, 0x04, 
    0x40, 0x23, 0x12, 0x41, 0xb0, 0x1b, 0x36, 0x02, 0x1c, 0x23, 0x12, 0x20, 0x02, 0x36, 0x02, 0x00, 
    0x23, 0x12, 0x20, 0x02, 0x28, 0x02, 0x04, 0x22, 0x00, 0x36, 0x02, 0x20, 0x20, 0x00, 0x45, 0x0d, 
    0x01, 0x23, 0x12, 0x20, 0x00, 0x36, 0x02, 0x24, 0x23, 0x12, 0x41, 0xc0, 0x1c, 0x36, 0x02, 0x00, 
    0x23, 0x12, 0x41, 0xb0, 0x1b, 0x36, 0x02, 0x28, 0x41, 0xc0, 0x1c, 0x41, 0x00, 0x41, 0xb0, 0x1b, 
    0x10, 0x2d, 0x23, 0x12, 0x41, 0xc0, 0x1c, 0x36, 0x02, 0x00, 0x23, 0x12, 0x20, 0x00, 0x36, 0x02, 
    0x28, 0x41, 0xc0, 0x1c, 0x41, 0x02, 0x20, 0x00, 0x10, 0x2d, 0x23, 0x12, 0x41, 0xc0, 0x1c, 0x36, 
    0x02, 0x00, 0x23, 0x12, 0x41, 0xb0, 0x13, 0x36, 0x02, 0x18, 0x41, 0xc0, 0x1c, 0x10, 0x5f, 0x41, 
    0xb0, 0x19, 0x41, 0x34, 0x41, 0x07, 0x10, 0x00, 0x00, 0x0b, 0x23, 0x12, 0x20, 0x02, 0x36, 0x02, 
    0x2c, 0x23, 0x12, 0x20, 0x02, 0x36, 0x02, 0x00, 0x23, 0x12, 0x20, 0x02, 0x28, 0x02, 0x00, 0x22, 
    0x02, 0x36, 0x02, 0x00, 0x20, 0x01, 0x20, 0x02, 0x10, 0x42, 0x22, 0x01, 0x36, 0x02, 0x30, 0x23, 
    0x12, 0x21, 0x02, 0x23, 0x12, 0x20, 0x00, 0x36, 0x02, 0x34, 0x23, 0x12, 0x20, 0x00, 0x10, 0x63, 
    0x22, 0x00, 0x36, 0x02, 0x38, 0x23, 0x12, 0x41, 0xa0, 0x1f, 0x36, 0x02, 0x3c, 0x23, 0x12, 0x20, 
    0x00, 0x36, 0x02, 0x40, 0x23, 0x12, 0x20, 0x00, 0x36, 0x02, 0x44, 0x23, 0x12, 0x20, 0x00, 0x36, 
    0x02, 0x00, 0x23, 0x12, 0x20, 0x00, 0x28, 0x02, 0x04, 0x22, 0x03, 0x36, 0x02, 0x34, 0x20, 0x03, 
    0x10, 0x58, 0x45, 0x04, 0x40, 0x23, 0x12, 0x41, 0xa0, 0x1f, 0x36, 0x02, 0x48, 0x23, 0x12, 0x20, 
    0x00, 0x36, 0x02, 0x34, 0x23, 0x12, 0x20, 0x00, 0x28, 0x02, 0x04, 0x22, 0x00, 0x36, 0x02, 0x4c, 
    0x20, 0x00, 0x45, 0x0d, 0x01, 0x23, 0x12, 0x20, 0x00, 0x36, 0x02, 0x50, 0x23, 0x12, 0x41, 0x80, 
    0x20, 0x36, 0x02, 0x34, 0x23, 0x12, 0x41, 0xa0, 0x1f, 0x36, 0x02, 0x18, 0x41, 0x80, 0x20, 0x41, 
    0x00, 0x41, 0xa0, 0x1f, 0x10, 0x2d, 0x23, 0x12, 0x41, 0x80, 0x20, 0x36, 0x02, 0x34, 0x23, 0x12, 
    0x20, 0x00, 0x36, 0x02, 0x18, 0x41, 0x80, 0x20, 0x41, 0x02, 0x20, 0x00, 0x10, 0x2d, 0x23, 0x12, 
    0x41, 0x80, 0x20, 0x36, 0x02, 0x34, 0x23, 0x12, 0x41, 0xb0, 0x13, 0x36, 0x02, 0x00, 0x41, 0x80, 
    0x20, 0x10, 0x5f, 0x41, 0xb0, 0x19, 0x41, 0x34, 0x41, 0x07, 0x10, 0x00, 0x00, 0x0b, 0x23, 0x12, 
    0x20, 0x00, 0x36, 0x02, 0x54, 0x23, 0x12, 0x20, 0x00, 0x36, 0x02, 0x34, 0x20, 0x02, 0x20, 0x00, 
    0x28, 0x02, 0x00, 0x22, 0x00, 0x36, 0x02, 0x58, 0x23, 0x12, 0x20, 0x00, 0x36, 0x02, 0x34, 0x23, 
    0x12, 0x41, 0x14, 0x6b, 0x24, 0x12, 0x10, 0x39, 0x23, 0x12, 0x41, 0x00, 0x41, 0x14, 0xfc, 0x0b, 
    0x00, 0x23, 0x12, 0x21, 0x02, 0x41, 0x00, 0x41, 0x05, 0x41, 0xa0, 0x20, 0x10, 0x25, 0x21, 0x03, 
    0x23, 0x12, 0x20, 0x03, 0x36, 0x02, 0x04, 0x10, 0x65, 0x21, 0x03, 0x23, 0x12, 0x20, 0x03, 0x36, 
    0x02, 0x00, 0x20, 0x02, 0x20, 0x03, 0x10, 0x62, 0x22, 0x02, 0x36, 0x02, 0x08, 0x23, 0x12, 0x20, 
    0x02, 0x36, 0x02, 0x00, 0x23, 0x12, 0x20, 0x00, 0x36, 0x02, 0x04, 0x23, 0x12, 0x20, 0x02, 0x20, 
    0x00, 0x10, 0x66, 0x22, 0x03, 0x36, 0x02, 0x0c, 0x23, 0x12, 0x20, 0x02, 0x36, 0x02, 0x00, 0x23, 
    0x12, 0x20, 0x03, 0x36, 0x02, 0x04, 0x20, 0x02, 0x20, 0x03, 0x10, 0x67, 0x45, 0x04, 0x40, 0x41, 
    0xc0, 0x20, 0x41, 0xb0, 0x21, 0x41, 0xc6, 0x00, 0x41, 0x03, 0x10, 0x00, 0x00, 0x0b, 0x23, 0x12, 
    0x23, 0x0f, 0x22, 0x02, 0x36, 0x02, 0x00, 0x23, 0x12, 0x20, 0x03, 0x36, 0x02, 0x10, 0x20, 0x03, 
    0x10, 0x53, 0x21, 0x03, 0x23, 0x12, 0x20, 0x03, 0x36, 0x02, 0x04, 0x20, 0x02, 0x20, 0x03, 0x10, 
    0x68, 0x23, 0x12, 0x41, 0x14, 0x6a, 0x24, 0x12, 0x23, 0x12, 0x20, 0x01, 0x36, 0x02, 0x34, 0x23, 
    0x12, 0x20, 0x00, 0x36, 0x02, 0x00, 0x23, 0x12, 0x41, 0x10, 0x6b, 0x24, 0x12, 0x10, 0x39, 0x23, 
    0x12, 0x42, 0x00, 0x37, 0x03, 0x00, 0x23, 0x12, 0x42, 0x00, 0x37, 0x03, 0x08, 0x23, 0x12, 0x20, 
    0x01, 0x36, 0x02, 0x00, 0x23, 0x12, 0x20, 0x01, 0x10, 0x69, 0x22, 0x02, 0x36, 0x02, 0x04, 0x23, 
    0x12, 0x20, 0x02, 0x36, 0x02, 0x00, 0x23, 0x12, 0x20, 0x00, 0x36, 0x02, 0x08, 0x23, 0x12, 0x20, 
    0x02, 0x20, 0x00, 0x10, 0x66, 0x22, 0x00, 0x36, 0x02, 0x0c, 0x23, 0x12, 0x20, 0x02, 0x36, 0x02, 
    0x00, 0x23, 0x12, 0x20, 0x00, 0x36, 0x02, 0x08, 0x20, 0x02, 0x20, 0x00, 0x10, 0x67, 0x45, 0x04, 
    0x40, 0x41, 0xc0, 0x20, 0x41, 0xb0, 0x21, 0x41, 0x33, 0x41, 0x03, 0x10, 0x00, 0x00, 0x0b, 0x23, 
    0x12, 0x20, 0x01, 0x36, 0x02, 0x00, 0x23, 0x12, 0x20, 0x00, 0x36, 0x02, 0x08, 0x20, 0x01, 0x20, 
    0x00, 0x10, 0x6a, 0x23, 0x12, 0x41, 0x10, 0x6a, 0x24, 0x12, 0x23, 0x12, 0x41, 0x80, 0x13, 0x36, 
    0x02, 0x34, 0x41, 0x80, 0x13, 0x10, 0x6b, 0x23, 0x12, 0x41, 0xdc, 0x00, 0x6a, 0x24, 0x12, 0x0f, 
    0x0b, 0x41, 0xb0, 0x18, 0x41, 0xb0, 0x19, 0x41, 0x34, 0x41, 0x20, 0x10, 0x00, 0x00, 0x0b, 0xcf, 
    0x02, 0x02, 0x03, 0x7f, 0x02, 0x7e, 0x23, 0x12, 0x41, 0x1c, 0x6b, 0x24, 0x12, 0x10, 0x39, 0x23, 
    0x12, 0x41, 0x00, 0x41, 0x1c, 0xfc, 0x0b, 0x00, 0x23, 0x12, 0x10, 0x4a, 0x22, 0x00, 0x36, 0x02, 
    0x00, 0x10, 0x02, 0x21, 0x04, 0x23, 0x12, 0x20, 0x00, 0x36, 0x02, 0x04, 0x23, 0x12, 0x41, 0x08, 
    0x6b, 0x24, 0x12, 0x10, 0x39, 0x23, 0x12, 0x42, 0x00, 0x37, 0x03, 0x00, 0x23, 0x12, 0x20, 0x00, 
    0x36, 0x02, 0x04, 0x20, 0x00, 0x10, 0x4e, 0x21, 0x01, 0x23, 0x12, 0x20, 0x01, 0x36, 0x02, 0x00, 
    0x20, 0x01, 0x10, 0x4f, 0x04, 0x7e, 0x42, 0x00, 0x05, 0x23, 0x12, 0x20, 0x00, 0x36, 0x02, 0x04, 
    0x20, 0x00, 0x10, 0x4b, 0x21, 0x01, 0x23, 0x12, 0x20, 0x01, 0x36, 0x02, 0x00, 0x20, 0x01, 0x10, 
    0x26, 0x41, 0x2b, 0x6a, 0x41, 0xa0, 0x8d, 0x06, 0x6c, 0xac, 0x0b, 0x21, 0x03, 0x23, 0x12, 0x41, 
    0x08, 0x6a, 0x24, 0x12, 0x20, 0x03, 0x20, 0x04, 0x5a, 0x04, 0x40, 0x41, 0xc0, 0x15, 0x41, 0xc0, 
    0x16, 0x41, 0x19, 0x41, 0x03, 0x10, 0x00, 0x00, 0x0b, 0x41, 0x00, 0x24, 0x0a, 0x10, 0x3b, 0x21, 
    0x01, 0x23, 0x12, 0x20, 0x01, 0x36, 0x02, 0x14, 0x23, 0x12, 0x20, 0x00, 0x36, 0x02, 0x18, 0x20, 
    0x01, 0x20, 0x00, 0x10, 0x51, 0x21, 0x00, 0x23, 0x12, 0x20, 0x00, 0x36, 0x02, 0x0c, 0x20, 0x04, 
    0x20, 0x03, 0x7d, 0x42, 0x00, 0x42, 0x00, 0x42, 0x00, 0x10, 0x52, 0x21, 0x01, 0x23, 0x12, 0x20, 
    0x01, 0x36, 0x02, 0x10, 0x23, 0x12, 0x41, 0x14, 0x6b, 0x24, 0x12, 0x10, 0x39, 0x23, 0x12, 0x41, 
    0x00, 0x41, 0x14, 0xfc, 0x0b, 0x00, 0x23, 0x12, 0x20, 0x00, 0x36, 0x02, 0x00, 0x23, 0x12, 0x20, 
    0x00, 0x36, 0x02, 0x10, 0x23, 0x12, 0x20, 0x00, 0x28, 0x02, 0x04, 0x22, 0x02, 0x36, 0x02, 0x08, 
    0x23, 0x12, 0x20, 0x01, 0x36, 0x02, 0x10, 0x20, 0x01, 0x10, 0x53, 0x21, 0x01, 0x23, 0x12, 0x20, 
    0x01, 0x36, 0x02, 0x0c, 0x20, 0x02, 0x20, 0x01, 0x10, 0x50, 0x21, 0x01, 0x23, 0x12, 0x20, 0x01, 
    0x36, 0x02, 0x04, 0x20, 0x00, 0x20, 0x01, 0x10, 0x15, 0x23, 0x12, 0x41, 0x14, 0x6a, 0x24, 0x12, 
    0x23, 0x12, 0x20, 0x00, 0x36, 0x02, 0x08, 0x20, 0x00, 0x10, 0x54, 0x21, 0x00, 0x23, 0x12, 0x20, 
    0x00, 0x36, 0x02, 0x04, 0x20, 0x00, 0x10, 0x6c, 0x23, 0x12, 0x41, 0x1c, 0x6a, 0x24, 0x12, 0x0b, 
    0x5b, 0x01, 0x01, 0x7f, 0x23, 0x12, 0x41, 0x0c, 0x6b, 0x24, 0x12, 0x10, 0x39, 0x23, 0x12, 0x42, 
    0x00, 0x37, 0x03, 0x00, 0x23, 0x12, 0x41, 0x00, 0x36, 0x02, 0x08, 0x23, 0x12, 0x41, 0x0c, 0x41, 
    0x16, 0x10, 0x24, 0x22, 0x02, 0x36, 0x02, 0x00, 0x23, 0x12, 0x20, 0x02, 0x36, 0x02, 0x04, 0x20, 
    0x02, 0x20, 0x00, 0x10, 0x2c, 0x23, 0x12, 0x20, 0x02, 0x36, 0x02, 0x04, 0x23, 0x12, 0x20, 0x01, 
    0x36, 0x02, 0x08, 0x20, 0x02, 0x20, 0x01, 0x36, 0x02, 0x08, 0x20, 0x02, 0x20, 0x01, 0x41, 0x00, 
    0x10, 0x14, 0x23, 0x12, 0x41, 0x0c, 0x6a, 0x24, 0x12, 0x20, 0x02, 0x0b, 0xde, 0x01, 0x01, 0x08, 
    0x7e, 0x23, 0x12, 0x41, 0x04, 0x6b, 0x24, 0x12, 0x10, 0x39, 0x23, 0x12, 0x41, 0x00, 0x36, 0x02, 
    0x00, 0x23, 0x12, 0x20, 0x00, 0x36, 0x02, 0x00, 0x20, 0x00, 0x29, 0x03, 0x00, 0x21, 0x06, 0x23, 
    0x12, 0x20, 0x00, 0x36, 0x02, 0x00, 0x20, 0x00, 0x29, 0x03, 0x08, 0x21, 0x07, 0x23, 0x12, 0x20, 
    0x00, 0x36, 0x02, 0x00, 0x20, 0x00, 0x29, 0x03, 0x10, 0x21, 0x08, 0x23, 0x12, 0x20, 0x00, 0x36, 
    0x02, 0x00, 0x20, 0x00, 0x29, 0x03, 0x18, 0x21, 0x03, 0x23, 0x12, 0x20, 0x01, 0x36, 0x02, 0x00, 
    0x20, 0x01, 0x29, 0x03, 0x00, 0x21, 0x04, 0x23, 0x12, 0x20, 0x01, 0x36, 0x02, 0x00, 0x20, 0x01, 
    0x29, 0x03, 0x08, 0x21, 0x05, 0x23, 0x12, 0x20, 0x01, 0x36, 0x02, 0x00, 0x20, 0x01, 0x29, 0x03, 
    0x10, 0x21, 0x02, 0x23, 0x12, 0x20, 0x01, 0x36, 0x02, 0x00, 0x20, 0x08, 0x20, 0x02, 0x7d, 0x20, 
    0x07, 0x42, 0x7f, 0x85, 0x22, 0x09, 0x20, 0x05, 0x83, 0x20, 0x07, 0x20, 0x05, 0x7d, 0x20, 0x06, 
    0x20, 0x04, 0x7d, 0x22, 0x04, 0x20, 0x06, 0x56, 0xad, 0x7d, 0x22, 0x06, 0x20, 0x05, 0x20, 0x09, 
    0x84, 0x83, 0x84, 0x42, 0x3f, 0x88, 0x7d, 0x21, 0x05, 0x20, 0x04, 0x20, 0x06, 0x20, 0x05, 0x20, 
    0x03, 0x20, 0x01, 0x29, 0x03, 0x18, 0x7d, 0x20, 0x08, 0x42, 0x7f, 0x85, 0x22, 0x03, 0x20, 0x02, 
    0x83, 0x20, 0x02, 0x20, 0x03, 0x84, 0x20, 0x05, 0x83, 0x84, 0x42, 0x3f, 0x88, 0x7d, 0x10, 0x52, 
    0x21, 0x00, 0x23, 0x12, 0x41, 0x04, 0x6a, 0x24, 0x12, 0x20, 0x00, 0x0b, 0xba, 0x01, 0x01, 0x02, 
    0x7f, 0x23, 0x12, 0x41, 0x1c, 0x6b, 0x24, 0x12, 0x10, 0x39, 0x23, 0x12, 0x41, 0x00, 0x41, 0x1c, 
    0xfc, 0x0b, 0x00, 0x23, 0x12, 0x21, 0x01, 0x41, 0x00, 0x41, 0x05, 0x41, 0xa0, 0x25, 0x10, 0x25, 
    0x21, 0x02, 0x23, 0x12, 0x20, 0x02, 0x36, 0x02, 0x04, 0x10, 0x65, 0x21, 0x02, 0x23, 0x12, 0x20, 
    0x02, 0x36, 0x02, 0x00, 0x20, 0x01, 0x20, 0x02, 0x10, 0x62, 0x22, 0x01, 0x36, 0x02, 0x08, 0x23, 
    0x12, 0x20, 0x01, 0x36, 0x02, 0x00, 0x23, 0x12, 0x20, 0x00, 0x36, 0x02, 0x04, 0x23, 0x12, 0x20, 
    0x01, 0x20, 0x00, 0x10, 0x6f, 0x22, 0x00, 0x36, 0x02, 0x0c, 0x23, 0x12, 0x20, 0x01, 0x36, 0x02, 
    0x10, 0x23, 0x12, 0x20, 0x00, 0x36, 0x02, 0x14, 0x23, 0x12, 0x20, 0x00, 0x36, 0x02, 0x00, 0x23, 
    0x12, 0x20, 0x01, 0x36, 0x02, 0x04, 0x20, 0x00, 0x20, 0x01, 0x10, 0x67, 0x45, 0x04, 0x40, 0x41, 
    0xc0, 0x25, 0x41, 0xd0, 0x26, 0x41, 0x2f, 0x41, 0x03, 0x10, 0x00, 0x00, 0x0b, 0x23, 0x12, 0x23, 
    0x0f, 0x22, 0x01, 0x36, 0x02, 0x00, 0x23, 0x12, 0x20, 0x00, 0x36, 0x02, 0x18, 0x20, 0x00, 0x10, 
    0x53, 0x21, 0x00, 0x23, 0x12, 0x20, 0x00, 0x36, 0x02, 0x04, 0x20, 0x01, 0x20, 0x00, 0x10, 0x68, 
    0x23, 0x12, 0x41, 0x1c, 0x6a, 0x24, 0x12, 0x0b, 0xd1, 0x03, 0x01, 0x02, 0x7f, 0x23, 0x12, 0x41, 
    0x34, 0x6b, 0x24, 0x12, 0x10, 0x39, 0x23, 0x12, 0x41, 0x00, 0x41, 0x34, 0xfc, 0x0b, 0x00, 0x23, 
    0x12, 0x20, 0x00, 0x36, 0x02, 0x00, 0x23, 0x12, 0x20, 0x00, 0x10, 0x3a, 0x22, 0x00, 0x36, 0x02, 
    0x04, 0x23, 0x12, 0x21, 0x01, 0x23, 0x12, 0x20, 0x00, 0x36, 0x02, 0x08, 0x23, 0x12, 0x20, 0x00, 
    0x10, 0x63, 0x22, 0x00, 0x36, 0x02, 0x0c, 0x23, 0x12, 0x41, 0xa0, 0x1f, 0x36, 0x02, 0x10, 0x23, 
    0x12, 0x20, 0x00, 0x36, 0x02, 0x14, 0x23, 0x12, 0x20, 0x00, 0x36, 0x02, 0x18, 0x23, 0x12, 0x20, 
    0x00, 0x36, 0x02, 0x00, 0x23, 0x12, 0x20, 0x00, 0x28, 0x02, 0x04, 0x22, 0x02, 0x36, 0x02, 0x08, 
    0x20, 0x02, 0x10, 0x58, 0x45, 0x04, 0x40, 0x23, 0x12, 0x41, 0xa0, 0x1f, 0x36, 0x02, 0x1c, 0x23, 
    0x12, 0x20, 0x00, 0x36, 0x02, 0x08, 0x23, 0x12, 0x20, 0x00, 0x28, 0x02, 0x04, 0x22, 0x00, 0x36, 
    0x02, 0x20, 0x23, 0x12, 0x21, 0x01, 0x20, 0x00, 0x45, 0x04, 0x40, 0x41, 0xb0, 0x18, 0x41, 0xb0, 
    0x19, 0x41, 0x34, 0x41, 0x20, 0x10, 0x00, 0x00, 0x0b, 0x20, 0x01, 0x20, 0x00, 0x36, 0x02, 0x24, 
    0x23, 0x12, 0x41, 0x80, 0x25, 0x36, 0x02, 0x08, 0x23, 0x12, 0x41, 0xa0, 0x1f, 0x36, 0x02, 0x28, 
    0x41, 0x80, 0x25, 0x41, 0x00, 0x41, 0xa0, 0x1f, 0x10, 0x2d, 0x23, 0x12, 0x41, 0x80, 0x25, 0x36, 
    0x02, 0x08, 0x23, 0x12, 0x20, 0x00, 0x36, 0x02, 0x28, 0x41, 0x80, 0x25, 0x41, 0x02, 0x20, 0x00, 
    0x10, 0x2d, 0x23, 0x12, 0x41, 0x80, 0x25, 0x36, 0x02, 0x08, 0x23, 0x12, 0x41, 0xb0, 0x13, 0x36, 
    0x02, 0x00, 0x41, 0x80, 0x25, 0x10, 0x5f, 0x41, 0xb0, 0x19, 0x41, 0x34, 0x41, 0x07, 0x10, 0x00, 
    0x00, 0x0b, 0x23, 0x12, 0x20, 0x00, 0x36, 0x02, 0x2c, 0x23, 0x12, 0x20, 0x00, 0x36, 0x02, 0x08, 
    0x20, 0x01, 0x20, 0x00, 0x28, 0x02, 0x00, 0x22, 0x00, 0x36, 0x02, 0x30, 0x23, 0x12, 0x20, 0x00, 
    0x36, 0x02, 0x08, 0x20, 0x00, 0x10, 0x70, 0x10, 0x4a, 0x21, 0x01, 0x23, 0x12, 0x20, 0x01, 0x36, 
    0x02, 0x08, 0x23, 0x12, 0x20, 0x00, 0x36, 0x02, 0x00, 0x23, 0x12, 0x41, 0x18, 0x6b, 0x24, 0x12, 
    0x10, 0x39, 0x23, 0x12, 0x41, 0x00, 0x41, 0x18, 0xfc, 0x0b, 0x00, 0x23, 0x12, 0x20, 0x01, 0x36, 
    0x02, 0x00, 0x23, 0x12, 0x20, 0x01, 0x10, 0x69, 0x22, 0x02, 0x36, 0x02, 0x04, 0x23, 0x12, 0x20, 
    0x02, 0x36, 0x02, 0x00, 0x23, 0x12, 0x20, 0x00, 0x36, 0x02, 0x08, 0x23, 0x12, 0x20, 0x02, 0x20, 
    0x00, 0x10, 0x6f, 0x22, 0x00, 0x36, 0x02, 0x0c, 0x23, 0x12, 0x20, 0x02, 0x36, 0x02, 0x10, 0x23, 
    0x12, 0x20, 0x00, 0x36, 0x02, 0x14, 0x23, 0x12, 0x20, 0x00, 0x36, 0x02, 0x00, 0x23, 0x12, 0x20, 
    0x02, 0x36, 0x02, 0x08, 0x20, 0x00, 0x20, 0x02, 0x10, 0x67, 0x45, 0x04, 0x40, 0x41, 0xd0, 0x27, 
    0x41, 0xd0, 0x26, 0x41, 0x1b, 0x41, 0x03, 0x10, 0x00, 0x00, 0x0b, 0x23, 0x12, 0x20, 0x01, 0x36, 
    0x02, 0x00, 0x23, 0x12, 0x20, 0x00, 0x36, 0x02, 0x08, 0x20, 0x01, 0x20, 0x00, 0x10, 0x6a, 0x23, 
    0x12, 0x41, 0x18, 0x6a, 0x24, 0x12, 0x23, 0x12, 0x41, 0xd0, 0x12, 0x36, 0x02, 0x08, 0x41, 0xd0, 
    0x12, 0x10, 0x6b, 0x23, 0x12, 0x41, 0x34, 0x6a, 0x24, 0x12, 0x0b, 0x33, 0x00, 0x23, 0x12, 0x41, 
    0x08, 0x6b, 0x24, 0x12, 0x10, 0x39, 0x23, 0x12, 0x42, 0x00, 0x37, 0x03, 0x00, 0x23, 0x12, 0x20, 
    0x00, 0x36, 0x02, 0x04, 0x20, 0x00, 0x10, 0x4b, 0x21, 0x00, 0x23, 0x12, 0x20, 0x00, 0x36, 0x02, 
    0x00, 0x20, 0x00, 0x20, 0x01, 0x10, 0x09, 0x23, 0x12, 0x41, 0x08, 0x6a, 0x24, 0x12, 0x0b, 0xba, 
    0x01, 0x02, 0x01, 0x7f, 0x02, 0x7e, 0x23, 0x12, 0x41, 0x08, 0x6b, 0x24, 0x12, 0x10, 0x39, 0x23, 
    0x12, 0x42, 0x00, 0x37, 0x03, 0x00, 0x02, 0x40, 0x02, 0x40, 0x02, 0x40, 0x23, 0x0a, 0x41, 0x01, 
    0x6b, 0x0e, 0x03, 0x01, 0x01, 0x02, 0x00, 0x0b, 0x00, 0x0b, 0x23, 0x12, 0x10, 0x4a, 0x22, 0x01, 
    0x36, 0x02, 0x00, 0x0b, 0x23, 0x12, 0x20, 0x01, 0x36, 0x02, 0x04, 0x23, 0x12, 0x41, 0x04, 0x6b, 
    0x24, 0x12, 0x10, 0x39, 0x23, 0x12, 0x41, 0x00, 0x36, 0x02, 0x00, 0x10, 0x08, 0x21, 0x03, 0x10, 
    0x02, 0x21, 0x02, 0x20, 0x00, 0x20, 0x03, 0x5a, 0x04, 0x40, 0x20, 0x00, 0x20, 0x03, 0x10, 0x2e, 
    0x42, 0x00, 0x10, 0x2f, 0x22, 0x00, 0x20, 0x02, 0x56, 0x04, 0x40, 0x41, 0xf0, 0x2c, 0x41, 0xc0, 
    0x29, 0x41, 0x19, 0x41, 0x05, 0x10, 0x00, 0x00, 0x0b, 0x20, 0x00, 0x20, 0x02, 0x54, 0x04, 0x40, 
    0x23, 0x12, 0x20, 0x01, 0x36, 0x02, 0x00, 0x20, 0x01, 0x20, 0x02, 0x20, 0x00, 0x7d, 0x10, 0x72, 
    0x0b, 0x05, 0x20, 0x02, 0x20, 0x03, 0x20, 0x00, 0x10, 0x2e, 0x10, 0x2f, 0x21, 0x00, 0x23, 0x12, 
    0x20, 0x01, 0x36, 0x02, 0x00, 0x20, 0x01, 0x20, 0x00, 0x10, 0x72, 0x0b, 0x23, 0x12, 0x41, 0x04, 
    0x6a, 0x24, 0x12, 0x23, 0x12, 0x41, 0x08, 0x6a, 0x24, 0x12, 0x0b, 0xd9, 0x05, 0x02, 0x02, 0x7e, 
    0x03, 0x7f, 0x23, 0x12, 0x41, 0xd8, 0x00, 0x6b, 0x24, 0x12, 0x10, 0x39, 0x23, 0x12, 0x41, 0x00, 
    0x41, 0xd8, 0x00, 0xfc, 0x0b, 0x00, 0x10, 0x08, 0x21, 0x01, 0x23, 0x12, 0x20, 0x00, 0x36, 0x02, 
    0x00, 0x23, 0x12, 0x20, 0x00, 0x10, 0x3a, 0x22, 0x03, 0x36, 0x02, 0x04, 0x23, 0x12, 0x20, 0x03, 
    0x36, 0x02, 0x08, 0x23, 0x12, 0x21, 0x04, 0x23, 0x12, 0x41, 0x0c, 0x6b, 0x24, 0x12, 0x10, 0x39, 
    0x23, 0x12, 0x42, 0x00, 0x37, 0x03, 0x00, 0x23, 0x12, 0x41, 0x00, 0x36, 0x02, 0x08, 0x23, 0x12, 
    0x20, 0x03, 0x36, 0x02, 0x00, 0x02, 0x7f, 0x20, 0x03, 0x28, 0x02, 0x00, 0x41, 0x08, 0x6a, 0x21, 
    0x05, 0x23, 0x12, 0x20, 0x03, 0x36, 0x02, 0x04, 0x23, 0x12, 0x20, 0x03, 0x28, 0x02, 0x04, 0x22, 
    0x00, 0x36, 0x02, 0x00, 0x20, 0x00, 0x10, 0x2b, 0x20, 0x05, 0x48, 0x04, 0x40, 0x23, 0x12, 0x41, 
    0xb0, 0x22, 0x36, 0x02, 0x08, 0x42, 0x00, 0x41, 0xb0, 0x22, 0x10, 0x6e, 0x0c, 0x01, 0x0b, 0x23, 
    0x12, 0x20, 0x03, 0x36, 0x02, 0x04, 0x20, 0x03, 0x41, 0x08, 0x10, 0x57, 0x21, 0x00, 0x23, 0x12, 
    0x20, 0x00, 0x36, 0x02, 0x00, 0x23, 0x12, 0x41, 0x04, 0x6b, 0x24, 0x12, 0x10, 0x39, 0x23, 0x12, 
    0x41, 0x00, 0x36, 0x02, 0x00, 0x23, 0x12, 0x20, 0x00, 0x36, 0x02, 0x00, 0x20, 0x00, 0x29, 0x03, 
    0x00, 0x21, 0x02, 0x23, 0x12, 0x41, 0x04, 0x6a, 0x24, 0x12, 0x20, 0x02, 0x41, 0x00, 0x10, 0x6e, 
    0x0b, 0x21, 0x00, 0x23, 0x12, 0x41, 0x0c, 0x6a, 0x24, 0x12, 0x20, 0x04, 0x20, 0x00, 0x36, 0x02, 
    0x0c, 0x23, 0x12, 0x41, 0xc0, 0x23, 0x36, 0x02, 0x10, 0x23, 0x12, 0x20, 0x00, 0x36, 0x02, 0x14, 
    0x23, 0x12, 0x20, 0x00, 0x36, 0x02, 0x18, 0x23, 0x12, 0x20, 0x00, 0x36, 0x02, 0x00, 0x23, 0x12, 
    0x20, 0x00, 0x28, 0x02, 0x08, 0x22, 0x04, 0x36, 0x02, 0x08, 0x02, 0x40, 0x20, 0x04, 0x10, 0x58, 
    0x45, 0x04, 0x40, 0x23, 0x12, 0x41, 0xc0, 0x23, 0x36, 0x02, 0x1c, 0x23, 0x12, 0x20, 0x00, 0x36, 
    0x02, 0x08, 0x23, 0x12, 0x20, 0x00, 0x28, 0x02, 0x08, 0x22, 0x00, 0x36, 0x02, 0x20, 0x20, 0x00, 
    0x45, 0x0d, 0x01, 0x23, 0x12, 0x20, 0x00, 0x36, 0x02, 0x24, 0x23, 0x12, 0x41, 0x80, 0x24, 0x36, 
    0x02, 0x08, 0x23, 0x12, 0x41, 0xc0, 0x23, 0x36, 0x02, 0x28, 0x41, 0x80, 0x24, 0x41, 0x00, 0x41, 
    0xc0, 0x23, 0x10, 0x2d, 0x23, 0x12, 0x41, 0x80, 0x24, 0x36, 0x02, 0x08, 0x23, 0x12, 0x20, 0x00, 
    0x36, 0x02, 0x28, 0x41, 0x80, 0x24, 0x41, 0x02, 0x20, 0x00, 0x10, 0x2d, 0x23, 0x12, 0x41, 0x80, 
    0x24, 0x36, 0x02, 0x08, 0x23, 0x12, 0x41, 0xb0, 0x13, 0x36, 0x02, 0x00, 0x41, 0x80, 0x24, 0x10, 
    0x5f, 0x41, 0xb0, 0x19, 0x41, 0x34, 0x41, 0x07, 0x10, 0x00, 0x00, 0x0b, 0x23, 0x12, 0x20, 0x00, 
    0x36, 0x02, 0x2c, 0x23, 0x12, 0x20, 0x00, 0x36, 0x02, 0x08, 0x20, 0x00, 0x29, 0x03, 0x00, 0x21, 
    0x02, 0x23, 0x12, 0x21, 0x00, 0x23, 0x12, 0x20, 0x03, 0x36, 0x02, 0x00, 0x23, 0x12, 0x20, 0x03, 
    0x10, 0x5b, 0x22, 0x03, 0x36, 0x02, 0x30, 0x23, 0x12, 0x41, 0xa0, 0x24, 0x36, 0x02, 0x34, 0x23, 
    0x12, 0x20, 0x03, 0x36, 0x02, 0x38, 0x23, 0x12, 0x20, 0x03, 0x36, 0x02, 0x3c, 0x23, 0x12, 0x20, 
    0x03, 0x36, 0x02, 0x28, 0x23, 0x12, 0x20, 0x03, 0x28, 0x02, 0x04, 0x22, 0x04, 0x36, 0x02, 0x00, 
    0x20, 0x04, 0x10, 0x58, 0x45, 0x04, 0x40, 0x23, 0x12, 0x41, 0xa0, 0x24, 0x36, 0x02, 0x40, 0x23, 
    0x12, 0x20, 0x03, 0x36, 0x02, 0x00, 0x23, 0x12, 0x20, 0x03, 0x28, 0x02, 0x04, 0x22, 0x00, 0x36, 
    0x02, 0x44, 0x20, 0x00, 0x45, 0x0d, 0x01, 0x23, 0x12, 0x20, 0x00, 0x36, 0x02, 0x48, 0x23, 0x12, 
    0x41, 0xe0, 0x24, 0x36, 0x02, 0x00, 0x23, 0x12, 0x41, 0xa0, 0x24, 0x36, 0x02, 0x4c, 0x41, 0xe0, 
    0x24, 0x41, 0x00, 0x41, 0xa0, 0x24, 0x10, 0x2d, 0x23, 0x12, 0x41, 0xe0, 0x24, 0x36, 0x02, 0x00, 
    0x23, 0x12, 0x20, 0x00, 0x36, 0x02, 0x4c, 0x41, 0xe0, 0x24, 0x41, 0x02, 0x20, 0x00, 0x10, 0x2d, 
    0x23, 0x12, 0x41, 0xe0, 0x24, 0x36, 0x02, 0x00, 0x23, 0x12, 0x41, 0xb0, 0x13, 0x36, 0x02, 0x28, 
    0x41, 0xe0, 0x24, 0x10, 0x5f, 0x41, 0xb0, 0x19, 0x41, 0x34, 0x41, 0x07, 0x10, 0x00, 0x00, 0x0b, 
    0x23, 0x12, 0x20, 0x03, 0x36, 0x02, 0x50, 0x23, 0x12, 0x20, 0x03, 0x36, 0x02, 0x00, 0x23, 0x12, 
    0x20, 0x03, 0x28, 0x02, 0x00, 0x22, 0x03, 0x36, 0x02, 0x00, 0x20, 0x00, 0x20, 0x03, 0x10, 0x42, 
    0x22, 0x00, 0x36, 0x02, 0x54, 0x20, 0x02, 0x42, 0x00, 0x42, 0x00, 0x42, 0x00, 0x10, 0x52, 0x21, 
    0x03, 0x23, 0x12, 0x20, 0x03, 0x36, 0x02, 0x00, 0x20, 0x03, 0x10, 0x53, 0x21, 0x03, 0x23, 0x12, 
    0x20, 0x03, 0x36, 0x02, 0x08, 0x20, 0x03, 0x10, 0x71, 0x41, 0x01, 0x24, 0x0a, 0x20, 0x01, 0x10, 
    0x73, 0x23, 0x12, 0x20, 0x00, 0x36, 0x02, 0x08, 0x20, 0x00, 0x20, 0x02, 0x10, 0x72, 0x23, 0x12, 
    0x41, 0xd8, 0x00, 0x6a, 0x24, 0x12, 0x0f, 0x0b, 0x41, 0xb0, 0x18, 0x41, 0xb0, 0x19, 0x41, 0x34, 
    0x41, 0x20, 0x10, 0x00, 0x00, 0x0b, 0x51, 0x00, 0x23, 0x12, 0x41, 0x0c, 0x6b, 0x24, 0x12, 0x10, 
    0x39, 0x23, 0x12, 0x42, 0x00, 0x37, 0x03, 0x00, 0x23, 0x12, 0x41, 0x00, 0x36, 0x02, 0x08, 0x23, 
    0x12, 0x20, 0x00, 0x36, 0x02, 0x08, 0x23, 0x12, 0x20, 0x00, 0x28, 0x02, 0x00, 0x22, 0x00, 0x36, 
    0x02, 0x00, 0x23, 0x12, 0x20, 0x01, 0x36, 0x02, 0x08, 0x20, 0x01, 0x10, 0x4b, 0x21, 0x01, 0x23, 
    0x12, 0x20, 0x01, 0x36, 0x02, 0x04, 0x20, 0x00, 0x20, 0x01, 0x10, 0x5c, 0x21, 0x00, 0x23, 0x12, 
    0x41, 0x0c, 0x6a, 0x24, 0x12, 0x20, 0x00, 0x0b, 0xf4, 0x01, 0x01, 0x03, 0x7f, 0x23, 0x12, 0x41, 
    0x18, 0x6b, 0x24, 0x12, 0x10, 0x39, 0x23, 0x12, 0x41, 0x00, 0x41, 0x18, 0xfc, 0x0b, 0x00, 0x23, 
    0x12, 0x20, 0x01, 0x36, 0x02, 0x00, 0x23, 0x12, 0x20, 0x01, 0x10, 0x3c, 0x22, 0x02, 0x36, 0x02, 
    0x04, 0x23, 0x12, 0x20, 0x00, 0x36, 0x02, 0x00, 0x23, 0x12, 0x20, 0x02, 0x36, 0x02, 0x08, 0x20, 
    0x02, 0x10, 0x2b, 0x21, 0x04, 0x23, 0x12, 0x41, 0x14, 0x6b, 0x24, 0x12, 0x10, 0x39, 0x23, 0x12, 
    0x41, 0x00, 0x41, 0x14, 0xfc, 0x0b, 0x00, 0x23, 0x12, 0x20, 0x00, 0x36, 0x02, 0x00, 0x23, 0x12, 
    0x20, 0x00, 0x36, 0x02, 0x10, 0x23, 0x12, 0x20, 0x00, 0x28, 0x02, 0x04, 0x22, 0x01, 0x36, 0x02, 
    0x08, 0x23, 0x12, 0x41, 0x04, 0x6b, 0x24, 0x12, 0x10, 0x39, 0x23, 0x12, 0x41, 0x00, 0x36, 0x02, 
    0x00, 0x23, 0x12, 0x41, 0x04, 0x10, 0x86, 0x01, 0x22, 0x03, 0x36, 0x02, 0x00, 0x20, 0x03, 0x20, 
    0x04, 0x36, 0x02, 0x00, 0x23, 0x12, 0x41, 0x04, 0x6a, 0x24, 0x12, 0x23, 0x12, 0x20, 0x03, 0x36, 
    0x02, 0x0c, 0x20, 0x01, 0x20, 0x03, 0x10, 0x50, 0x21, 0x01, 0x23, 0x12, 0x20, 0x01, 0x36, 0x02, 
    0x04, 0x20, 0x00, 0x20, 0x01, 0x10, 0x15, 0x23, 0x12, 0x41, 0x14, 0x6a, 0x24, 0x12, 0x23, 0x12, 
    0x20, 0x00, 0x36, 0x02, 0x00, 0x23, 0x12, 0x20, 0x00, 0x36, 0x02, 0x14, 0x23, 0x12, 0x20, 0x00, 
    0x28, 0x02, 0x04, 0x22, 0x01, 0x36, 0x02, 0x0c, 0x23, 0x12, 0x20, 0x02, 0x36, 0x02, 0x10, 0x20, 
    0x01, 0x20, 0x02, 0x10, 0x50, 0x21, 0x01, 0x23, 0x12, 0x20, 0x01, 0x36, 0x02, 0x08, 0x20, 0x00, 
    0x20, 0x01, 0x10, 0x15, 0x23, 0x12, 0x41, 0x18, 0x6a, 0x24, 0x12, 0x20, 0x00, 0x0b, 0x28, 0x00, 
    0x23, 0x12, 0x41, 0x04, 0x6b, 0x24, 0x12, 0x10, 0x39, 0x23, 0x12, 0x41, 0x00, 0x36, 0x02, 0x00, 
    0x23, 0x12, 0x20, 0x00, 0x36, 0x02, 0x00, 0x20, 0x00, 0x10, 0x3c, 0x21, 0x00, 0x23, 0x12, 0x41, 
    0x04, 0x6a, 0x24, 0x12, 0x20, 0x00, 0x0b, 0x39, 0x01, 0x01, 0x7f, 0x23, 0x12, 0x41, 0x08, 0x6b, 
    0x24, 0x12, 0x10, 0x39, 0x23, 0x12, 0x42, 0x00, 0x37, 0x03, 0x00, 0x23, 0x12, 0x41, 0xb0, 0x0e, 
    0x36, 0x02, 0x04, 0x41, 0xb0, 0x0e, 0x10, 0x77, 0x21, 0x00, 0x23, 0x12, 0x20, 0x00, 0x36, 0x02, 
    0x00, 0x20, 0x00, 0x10, 0x03, 0x21, 0x00, 0x23, 0x12, 0x41, 0x08, 0x6a, 0x24, 0x12, 0x20, 0x00, 
    0x0b, 0xd4, 0x04, 0x01, 0x03, 0x7f, 0x23, 0x12, 0x41, 0x14, 0x6b, 0x24, 0x12, 0x10, 0x39, 0x23, 
    0x12, 0x41, 0x00, 0x41, 0x14, 0xfc, 0x0b, 0x00, 0x23, 0x12, 0x41, 0xb0, 0x0e, 0x36, 0x02, 0x00, 
    0x10, 0x78, 0x04, 0x40, 0x23, 0x12, 0x41, 0x10, 0x6b, 0x24, 0x12, 0x10, 0x39, 0x23, 0x12, 0x42, 
    0x00, 0x37, 0x03, 0x00, 0x23, 0x12, 0x42, 0x00, 0x37, 0x03, 0x08, 0x23, 0x12, 0x41, 0xb0, 0x0e, 
    0x36, 0x02, 0x00, 0x10, 0x78, 0x45, 0x04, 0x40, 0x41, 0xb0, 0x2f, 0x41, 0xf0, 0x2f, 0x41, 0x2f, 
    0x41, 0x03, 0x10, 0x00, 0x00, 0x0b, 0x23, 0x12, 0x41, 0xb0, 0x0e, 0x36, 0x02, 0x00, 0x23, 0x12, 
    0x21, 0x02, 0x23, 0x12, 0x41, 0x0c, 0x6b, 0x24, 0x12, 0x10, 0x39, 0x23, 0x12, 0x42, 0x00, 0x37, 
    0x03, 0x00, 0x23, 0x12, 0x41, 0x00, 0x36, 0x02, 0x08, 0x23, 0x12, 0x21, 0x03, 0x23, 0x12, 0x41, 
    0xb0, 0x0e, 0x36, 0x02, 0x04, 0x41, 0xb0, 0x0e, 0x10, 0x77, 0x21, 0x01, 0x23, 0x12, 0x20, 0x01, 
    0x36, 0x02, 0x00, 0x20, 0x03, 0x20, 0x01, 0x10, 0x04, 0x22, 0x01, 0x36, 0x02, 0x08, 0x23, 0x12, 
    0x20, 0x01, 0x36, 0x02, 0x00, 0x23, 0x12, 0x41, 0x04, 0x6b, 0x24, 0x12, 0x10, 0x39, 0x23, 0x12, 
    0x41, 0x00, 0x36, 0x02, 0x00, 0x23, 0x12, 0x20, 0x01, 0x36, 0x02, 0x00, 0x20, 0x01, 0x10, 0x5a, 
    0x21, 0x01, 0x23, 0x12, 0x41, 0x04, 0x6a, 0x24, 0x12, 0x23, 0x12, 0x41, 0x0c, 0x6a, 0x24, 0x12, 
    0x20, 0x02, 0x20, 0x01, 0x36, 0x02, 0x04, 0x10, 0x4a, 0x21, 0x02, 0x23, 0x12, 0x20, 0x02, 0x36, 
    0x02, 0x0c, 0x20, 0x02, 0x10, 0x4b, 0x21, 0x02, 0x23, 0x12, 0x20, 0x02, 0x36, 0x02, 0x00, 0x23, 
    0x12, 0x20, 0x01, 0x36, 0x02, 0x08, 0x20, 0x02, 0x20, 0x01, 0x10, 0x5c, 0x45, 0x04, 0x40, 0x41, 
    0xe0, 0x30, 0x41, 0xf0, 0x2f, 0x41, 0x31, 0x41, 0x03, 0x10, 0x00, 0x00, 0x0b, 0x23, 0x12, 0x41, 
    0x10, 0x6a, 0x24, 0x12, 0x0b, 0x23, 0x12, 0x41, 0xb0, 0x0e, 0x36, 0x02, 0x00, 0x23, 0x12, 0x20, 
    0x00, 0x36, 0x02, 0x04, 0x23, 0x12, 0x41, 0x0c, 0x6b, 0x24, 0x12, 0x10, 0x39, 0x23, 0x12, 0x42, 
    0x00, 0x37, 0x03, 0x00, 0x23, 0x12, 0x41, 0x00, 0x36, 0x02, 0x08, 0x23, 0x12, 0x41, 0xb0, 0x0e, 
    0x36, 0x02, 0x08, 0x41, 0xb0, 0x0e, 0x10, 0x77, 0x21, 0x01, 0x23, 0x12, 0x20, 0x01, 0x36, 0x02, 
    0x00, 0x23, 0x12, 0x20, 0x00, 0x36, 0x02, 0x08, 0x20, 0x00, 0x10, 0x77, 0x21, 0x02, 0x23, 0x12, 
    0x20, 0x02, 0x36, 0x02, 0x04, 0x20, 0x01, 0x20, 0x02, 0x10, 0x05, 0x23, 0x12, 0x41, 0x0c, 0x6a, 
    0x24, 0x12, 0x23, 0x12, 0x41, 0xd0, 0x0e, 0x36, 0x02, 0x04, 0x23, 0x12, 0x41, 0x01, 0x41, 0x02, 
    0x41, 0x0a, 0x10, 0x87, 0x01, 0x22, 0x01, 0x36, 0x02, 0x0c, 0x23, 0x12, 0x20, 0x01, 0x28, 0x02, 
    0x04, 0x36, 0x02, 0x10, 0x20, 0x01, 0x20, 0x00, 0x10, 0x3f, 0x23, 0x12, 0x20, 0x01, 0x36, 0x02, 
    0x08, 0x23, 0x12, 0x41, 0x10, 0x6b, 0x24, 0x12, 0x10, 0x39, 0x23, 0x12, 0x42, 0x00, 0x37, 0x03, 
    0x00, 0x23, 0x12, 0x42, 0x00, 0x37, 0x03, 0x08, 0x23, 0x12, 0x41, 0xd0, 0x0e, 0x36, 0x02, 0x08, 
    0x23, 0x12, 0x41, 0xb0, 0x31, 0x36, 0x02, 0x0c, 0x41, 0xd0, 0x0e, 0x41, 0xb0, 0x31, 0x10, 0x4c, 
    0x21, 0x00, 0x23, 0x12, 0x20, 0x00, 0x36, 0x02, 0x00, 0x23, 0x12, 0x20, 0x01, 0x36, 0x02, 0x08, 
    0x23, 0x12, 0x41, 0xd0, 0x13, 0x36, 0x02, 0x0c, 0x23, 0x12, 0x41, 0x08, 0x6b, 0x24, 0x12, 0x10, 
    0x39, 0x23, 0x12, 0x42, 0x00, 0x37, 0x03, 0x00, 0x23, 0x12, 0x20, 0x01, 0x36, 0x02, 0x00, 0x20, 
    0x01, 0x28, 0x02, 0x04, 0x21, 0x02, 0x23, 0x12, 0x20, 0x01, 0x36, 0x02, 0x00, 0x20, 0x01, 0x28, 
    0x02, 0x0c, 0x21, 0x01, 0x23, 0x12, 0x41, 0xd0, 0x13, 0x36, 0x02, 0x04, 0x20, 0x02, 0x20, 0x01, 
    0x41, 0xd0, 0x13, 0x10, 0x5e, 0x21, 0x01, 0x23, 0x12, 0x41, 0x08, 0x6a, 0x24, 0x12, 0x23, 0x12, 
    0x20, 0x01, 0x36, 0x02, 0x04, 0x20, 0x00, 0x20, 0x01, 0x10, 0x4c, 0x21, 0x00, 0x23, 0x12, 0x41, 
    0x10, 0x6a, 0x24, 0x12, 0x23, 0x12, 0x20, 0x00, 0x36, 0x02, 0x00, 0x20, 0x00, 0x10, 0x6b, 0x23, 
    0x12, 0x41, 0x14, 0x6a, 0x24, 0x12, 0x0b, 0xa5, 0x02, 0x01, 0x02, 0x7f, 0x23, 0x12, 0x41, 0x34, 
    0x6b, 0x24, 0x12, 0x10, 0x39, 0x23, 0x12, 0x41, 0x00, 0x41, 0x34, 0xfc, 0x0b, 0x00, 0x23, 0x12, 
    0x20, 0x00, 0x36, 0x02, 0x00, 0x23, 0x12, 0x20, 0x00, 0x10, 0x3a, 0x22, 0x00, 0x36, 0x02, 0x04, 
    0x23, 0x12, 0x21, 0x01, 0x23, 0x12, 0x20, 0x00, 0x36, 0x02, 0x08, 0x23, 0x12, 0x20, 0x00, 0x10, 
    0x5b, 0x22, 0x02, 0x36, 0x02, 0x0c, 0x23, 0x12, 0x41, 0xa0, 0x2e, 0x36, 0x02, 0x10, 0x23, 0x12, 
    0x20, 0x02, 0x36, 0x02, 0x14, 0x23, 0x12, 0x20, 0x02, 0x36, 0x02, 0x18, 0x23, 0x12, 0x20, 0x02, 
    0x36, 0x02, 0x00, 0x23, 0x12, 0x20, 0x02, 0x28, 0x02, 0x04, 0x22, 0x00, 0x36, 0x02, 0x08, 0x20, 
    0x00, 0x10, 0x58, 0x45, 0x04, 0x40, 0x23, 0x12, 0x41, 0xa0, 0x2e, 0x36, 0x02, 0x1c, 0x23, 0x12, 
    0x20, 0x02, 0x36, 0x02, 0x08, 0x23, 0x12, 0x20, 0x02, 0x28, 0x02, 0x04, 0x22, 0x00, 0x36, 0x02, 
    0x20, 0x23, 0x12, 0x21, 0x01, 0x20, 0x00, 0x45, 0x04, 0x40, 0x41, 0xb0, 0x18, 0x41, 0xb0, 0x19, 
    0x41, 0x34, 0x41, 0x20, 0x10, 0x00, 0x00, 0x0b, 0x20, 0x01, 0x20, 0x00, 0x36, 0x02, 0x24, 0x23, 
    0x12, 0x41, 0x90, 0x2f, 0x36, 0x02, 0x08, 0x23, 0x12, 0x41, 0xa0, 0x2e, 0x36, 0x02, 0x28, 0x41, 
    0x90, 0x2f, 0x41, 0x00, 0x41, 0xa0, 0x2e, 0x10, 0x2d, 0x23, 0x12, 0x41, 0x90, 0x2f, 0x36, 0x02, 
    0x08, 0x23, 0x12, 0x20, 0x00, 0x36, 0x02, 0x28, 0x41, 0x90, 0x2f, 0x41, 0x02, 0x20, 0x00, 0x10, 
    0x2d, 0x23, 0x12, 0x41, 0x90, 0x2f, 0x36, 0x02, 0x08, 0x23, 0x12, 0x41, 0xb0, 0x13, 0x36, 0x02, 
    0x00, 0x41, 0x90, 0x2f, 0x10, 0x5f, 0x41, 0xb0, 0x19, 0x41, 0x34, 0x41, 0x07, 0x10, 0x00, 0x00, 
    0x0b, 0x23, 0x12, 0x20, 0x02, 0x36, 0x02, 0x2c, 0x23, 0x12, 0x20, 0x02, 0x36, 0x02, 0x08, 0x20, 
    0x01, 0x20, 0x02, 0x28, 0x02, 0x00, 0x22, 0x00, 0x36, 0x02, 0x30, 0x23, 0x12, 0x20, 0x00, 0x36, 
    0x02, 0x08, 0x20, 0x00, 0x10, 0x79, 0x23, 0x12, 0x41, 0x34, 0x6a, 0x24, 0x12, 0x0b, 0xec, 0x02, 
    0x01, 0x02, 0x7f, 0x23, 0x12, 0x41, 0x18, 0x6b, 0x24, 0x12, 0x10, 0x39, 0x23, 0x12, 0x41, 0x00, 
    0x41, 0x18, 0xfc, 0x0b, 0x00, 0x10, 0x0a, 0x04, 0x40, 0x10, 0x49, 0x21, 0x04, 0x23, 0x12, 0x20, 
    0x04, 0x36, 0x02, 0x00, 0x10, 0x4a, 0x21, 0x05, 0x23, 0x12, 0x20, 0x05, 0x36, 0x02, 0x04, 0x23, 
    0x12, 0x41, 0x08, 0x6b, 0x24, 0x12, 0x10, 0x39, 0x23, 0x12, 0x42, 0x00, 0x37, 0x03, 0x00, 0x23, 
    0x12, 0x20, 0x04, 0x36, 0x02, 0x00, 0x23, 0x12, 0x20, 0x05, 0x36, 0x02, 0x04, 0x20, 0x04, 0x20, 
    0x05, 0x10, 0x75, 0x45, 0x21, 0x04, 0x23, 0x12, 0x41, 0x08, 0x6a, 0x24, 0x12, 0x0b, 0x20, 0x04, 
    0x45, 0x04, 0x40, 0x41, 0x00, 0x41, 0xc0, 0x2d, 0x41, 0x2f, 0x41, 0x03, 0x10, 0x00, 0x00, 0x0b, 
    0x23, 0x12, 0x23, 0x0d, 0x22, 0x04, 0x36, 0x02, 0x00, 0x23, 0x12, 0x20, 0x00, 0x36, 0x02, 0x08, 
    0x20, 0x00, 0x10, 0x3c, 0x21, 0x00, 0x23, 0x12, 0x20, 0x00, 0x36, 0x02, 0x04, 0x20, 0x04, 0x20, 
    0x00, 0x10, 0x68, 0x23, 0x12, 0x23, 0x0e, 0x22, 0x00, 0x36, 0x02, 0x00, 0x23, 0x12, 0x20, 0x01, 
    0x36, 0x02, 0x08, 0x20, 0x01, 0x10, 0x3c, 0x21, 0x01, 0x23, 0x12, 0x20, 0x01, 0x36, 0x02, 0x04, 
    0x20, 0x00, 0x20, 0x01, 0x10, 0x68, 0x23, 0x12, 0x23, 0x10, 0x22, 0x00, 0x36, 0x02, 0x00, 0x23, 
    0x12, 0x41, 0x01, 0x41, 0x05, 0x41, 0x00, 0x10, 0x25, 0x22, 0x01, 0x36, 0x02, 0x0c, 0x20, 0x01, 
    0x20, 0x02, 0x3a, 0x00, 0x00, 0x23, 0x12, 0x20, 0x01, 0x36, 0x02, 0x04, 0x20, 0x00, 0x20, 0x01, 
    0x10, 0x68, 0x23, 0x12, 0x23, 0x0f, 0x22, 0x00, 0x36, 0x02, 0x00, 0x23, 0x12, 0x20, 0x03, 0x36, 
    0x02, 0x08, 0x20, 0x03, 0x10, 0x53, 0x21, 0x01, 0x23, 0x12, 0x20, 0x01, 0x36, 0x02, 0x04, 0x20, 
    0x00, 0x20, 0x01, 0x10, 0x68, 0x41, 0x00, 0x24, 0x0a, 0x10, 0x3b, 0x21, 0x00, 0x23, 0x12, 0x20, 
    0x00, 0x36, 0x02, 0x08, 0x10, 0x4a, 0x21, 0x01, 0x23, 0x12, 0x20, 0x01, 0x36, 0x02, 0x14, 0x20, 
    0x01, 0x10, 0x4b, 0x21, 0x01, 0x23, 0x12, 0x20, 0x01, 0x36, 0x02, 0x10, 0x20, 0x00, 0x20, 0x01, 
    0x10, 0x76, 0x21, 0x00, 0x23, 0x12, 0x20, 0x00, 0x36, 0x02, 0x04, 0x20, 0x00, 0x10, 0x54, 0x21, 
    0x00, 0x23, 0x12, 0x20, 0x00, 0x36, 0x02, 0x00, 0x20, 0x00, 0x10, 0x7a, 0x10, 0x4a, 0x21, 0x00, 
    0x23, 0x12, 0x20, 0x00, 0x36, 0x02, 0x00, 0x23, 0x12, 0x20, 0x03, 0x36, 0x02, 0x04, 0x20, 0x00, 
    0x20, 0x03, 0x10, 0x6a, 0x23, 0x12, 0x41, 0x18, 0x6a, 0x24, 0x12, 0x0b, 0xc1, 0x02, 0x01, 0x02, 
    0x7f, 0x23, 0x12, 0x41, 0x38, 0x6b, 0x24, 0x12, 0x10, 0x39, 0x23, 0x12, 0x41, 0x00, 0x41, 0x38, 
    0xfc, 0x0b, 0x00, 0x23, 0x12, 0x20, 0x00, 0x36, 0x02, 0x00, 0x23, 0x12, 0x20, 0x00, 0x10, 0x3a, 
    0x22, 0x00, 0x36, 0x02, 0x04, 0x23, 0x12, 0x21, 0x01, 0x23, 0x12, 0x20, 0x00, 0x36, 0x02, 0x00, 
    0x23, 0x12, 0x20, 0x00, 0x10, 0x5b, 0x22, 0x02, 0x36, 0x02, 0x08, 0x23, 0x12, 0x41, 0xd0, 0x31, 
    0x36, 0x02, 0x0c, 0x23, 0x12, 0x20, 0x02, 0x36, 0x02, 0x10, 0x23, 0x12, 0x20, 0x02, 0x36, 0x02, 
    0x14, 0x23, 0x12, 0x20, 0x02, 0x36, 0x02, 0x18, 0x23, 0x12, 0x20, 0x02, 0x28, 0x02, 0x04, 0x22, 
    0x00, 0x36, 0x02, 0x00, 0x20, 0x00, 0x10, 0x58, 0x45, 0x04, 0x40, 0x23, 0x12, 0x41, 0xd0, 0x31, 
    0x36, 0x02, 0x1c, 0x23, 0x12, 0x20, 0x02, 0x36, 0x02, 0x00, 0x23, 0x12, 0x20, 0x02, 0x28, 0x02, 
    0x04, 0x22, 0x00, 0x36, 0x02, 0x20, 0x23, 0x12, 0x21, 0x01, 0x20, 0x00, 0x45, 0x04, 0x40, 0x41, 
    0xb0, 0x18, 0x41, 0xb0, 0x19, 0x41, 0x34, 0x41, 0x20, 0x10, 0x00, 0x00, 0x0b, 0x20, 0x01, 0x20, 
    0x00, 0x36, 0x02, 0x24, 0x23, 0x12, 0x41, 0xb0, 0x32, 0x36, 0x02, 0x00, 0x23, 0x12, 0x41, 0xd0, 
    0x31, 0x36, 0x02, 0x28, 0x41, 0xb0, 0x32, 0x41, 0x00, 0x41, 0xd0, 0x31, 0x10, 0x2d, 0x23, 0x12, 
    0x41, 0xb0, 0x32, 0x36, 0x02, 0x00, 0x23, 0x12, 0x20, 0x00, 0x36, 0x02, 0x28, 0x41, 0xb0, 0x32, 
    0x41, 0x02, 0x20, 0x00, 0x10, 0x2d, 0x23, 0x12, 0x41, 0xb0, 0x32, 0x36, 0x02, 0x00, 0x23, 0x12, 
    0x41, 0xb0, 0x13, 0x36, 0x02, 0x18, 0x41, 0xb0, 0x32, 0x10, 0x5f, 0x41, 0xb0, 0x19, 0x41, 0x34, 
    0x41, 0x07, 0x10, 0x00, 0x00, 0x0b, 0x23, 0x12, 0x20, 0x02, 0x36, 0x02, 0x2c, 0x23, 0x12, 0x20, 
    0x02, 0x36, 0x02, 0x00, 0x23, 0x12, 0x20, 0x02, 0x28, 0x02, 0x00, 0x22, 0x00, 0x36, 0x02, 0x00, 
    0x20, 0x01, 0x20, 0x00, 0x10, 0x42, 0x22, 0x00, 0x36, 0x02, 0x30, 0x23, 0x12, 0x20, 0x00, 0x36, 
    0x02, 0x00, 0x20, 0x00, 0x10, 0x69, 0x21, 0x00, 0x23, 0x12, 0x20, 0x00, 0x36, 0x02, 0x34, 0x20, 
    0x00, 0x10, 0x53, 0x21, 0x00, 0x23, 0x12, 0x41, 0x38, 0x6a, 0x24, 0x12, 0x20, 0x00, 0x0b, 0x9f, 
    0x02, 0x01, 0x03, 0x7f, 0x23, 0x12, 0x41, 0x2c, 0x6b, 0x24, 0x12, 0x10, 0x39, 0x23, 0x12, 0x41, 
    0x00, 0x41, 0x2c, 0xfc, 0x0b, 0x00, 0x23, 0x12, 0x20, 0x00, 0x36, 0x02, 0x00, 0x23, 0x12, 0x20, 
    0x00, 0x10, 0x69, 0x22, 0x03, 0x36, 0x02, 0x04, 0x23, 0x12, 0x20, 0x03, 0x36, 0x02, 0x08, 0x23, 
    0x12, 0x20, 0x02, 0x36, 0x02, 0x0c, 0x23, 0x12, 0x20, 0x03, 0x36, 0x02, 0x00, 0x23, 0x12, 0x20, 
    0x02, 0x36, 0x02, 0x10, 0x20, 0x03, 0x20, 0x02, 0x10, 0x67, 0x04, 0x40, 0x41, 0x80, 0x34, 0x41, 
    0xe0, 0x34, 0x41, 0xcf, 0x00, 0x41, 0x03, 0x10, 0x00, 0x00, 0x0b, 0x23, 0x12, 0x20, 0x00, 0x36, 
    0x02, 0x00, 0x23, 0x12, 0x20, 0x01, 0x36, 0x02, 0x10, 0x20, 0x00, 0x20, 0x01, 0x10, 0x75, 0x04, 
    0x40, 0x23, 0x12, 0x41, 0x2c, 0x6a, 0x24, 0x12, 0x0f, 0x0b, 0x23, 0x12, 0x20, 0x01, 0x36, 0x02, 
    0x00, 0x23, 0x12, 0x20, 0x01, 0x10, 0x69, 0x22, 0x04, 0x36, 0x02, 0x14, 0x23, 0x12, 0x20, 0x04, 
    0x36, 0x02, 0x00, 0x23, 0x12, 0x20, 0x02, 0x36, 0x02, 0x10, 0x23, 0x12, 0x20, 0x04, 0x20, 0x02, 
    0x10, 0x66, 0x22, 0x05, 0x36, 0x02, 0x18, 0x23, 0x12, 0x20, 0x05, 0x36, 0x02, 0x1c, 0x23, 0x12, 
    0x20, 0x04, 0x36, 0x02, 0x20, 0x23, 0x12, 0x20, 0x05, 0x36, 0x02, 0x00, 0x23, 0x12, 0x20, 0x04, 
    0x36, 0x02, 0x10, 0x20, 0x05, 0x20, 0x04, 0x10, 0x67, 0x04, 0x40, 0x41, 0xd0, 0x35, 0x41, 0xe0, 
    0x34, 0x41, 0xdc, 0x00, 0x41, 0x03, 0x10, 0x00, 0x00, 0x0b, 0x23, 0x12, 0x20, 0x00, 0x36, 0x02, 
    0x00, 0x23, 0x12, 0x20, 0x03, 0x36, 0x02, 0x24, 0x23, 0x12, 0x20, 0x02, 0x36, 0x02, 0x28, 0x20, 
    0x03, 0x20, 0x02, 0x10, 0x6f, 0x21, 0x02, 0x23, 0x12, 0x20, 0x02, 0x36, 0x02, 0x10, 0x20, 0x00, 
    0x20, 0x02, 0x10, 0x6a, 0x23, 0x12, 0x20, 0x01, 0x36, 0x02, 0x00, 0x23, 0x12, 0x20, 0x05, 0x36, 
    0x02, 0x10, 0x20, 0x01, 0x20, 0x05, 0x10, 0x6a, 0x23, 0x12, 0x41, 0x2c, 0x6a, 0x24, 0x12, 0x0b, 
    0xc1, 0x04, 0x02, 0x04, 0x7f, 0x01, 0x7e, 0x23, 0x12, 0x41, 0xe0, 0x00, 0x6b, 0x24, 0x12, 0x10, 
    0x39, 0x23, 0x12, 0x41, 0x00, 0x41, 0xe0, 0x00, 0xfc, 0x0b, 0x00, 0x10, 0x08, 0x21, 0x05, 0x23, 
    0x12, 0x10, 0x4a, 0x22, 0x01, 0x36, 0x02, 0x00, 0x23, 0x12, 0x20, 0x00, 0x36, 0x02, 0x04, 0x23, 
    0x12, 0x20, 0x00, 0x10, 0x3a, 0x22, 0x00, 0x36, 0x02, 0x08, 0x23, 0x12, 0x21, 0x02, 0x23, 0x12, 
    0x20, 0x00, 0x36, 0x02, 0x04, 0x23, 0x12, 0x20, 0x00, 0x10, 0x5b, 0x22, 0x03, 0x36, 0x02, 0x0c, 
    0x23, 0x12, 0x41, 0xd0, 0x32, 0x36, 0x02, 0x10, 0x23, 0x12, 0x20, 0x03, 0x36, 0x02, 0x14, 0x23, 
    0x12, 0x20, 0x03, 0x36, 0x02, 0x18, 0x23, 0x12, 0x20, 0x03, 0x36, 0x02, 0x1c, 0x23, 0x12, 0x20, 
    0x03, 0x28, 0x02, 0x04, 0x22, 0x04, 0x36, 0x02, 0x04, 0x02, 0x40, 0x20, 0x04, 0x10, 0x58, 0x45, 
    0x04, 0x40, 0x23, 0x12, 0x41, 0xd0, 0x32, 0x36, 0x02, 0x20, 0x23, 0x12, 0x20, 0x03, 0x36, 0x02, 
    0x04, 0x23, 0x12, 0x20, 0x03, 0x28, 0x02, 0x04, 0x22, 0x00, 0x36, 0x02, 0x24, 0x20, 0x00, 0x45, 
    0x0d, 0x01, 0x23, 0x12, 0x20, 0x00, 0x36, 0x02, 0x28, 0x23, 0x12, 0x41, 0xc0, 0x33, 0x36, 0x02, 
    0x04, 0x23, 0x12, 0x41, 0xd0, 0x32, 0x36, 0x02, 0x2c, 0x41, 0xc0, 0x33, 0x41, 0x00, 0x41, 0xd0, 
    0x32, 0x10, 0x2d, 0x23, 0x12, 0x41, 0xc0, 0x33, 0x36, 0x02, 0x04, 0x23, 0x12, 0x20, 0x00, 0x36, 
    0x02, 0x2c, 0x41, 0xc0, 0x33, 0x41, 0x02, 0x20, 0x00, 0x10, 0x2d, 0x23, 0x12, 0x41, 0xc0, 0x33, 
    0x36, 0x02, 0x04, 0x23, 0x12, 0x41, 0xb0, 0x13, 0x36, 0x02, 0x1c, 0x41, 0xc0, 0x33, 0x10, 0x5f, 
    0x41, 0xb0, 0x19, 0x41, 0x34, 0x41, 0x07, 0x10, 0x00, 0x00, 0x0b, 0x23, 0x12, 0x20, 0x03, 0x36, 
    0x02, 0x30, 0x23, 0x12, 0x20, 0x03, 0x36, 0x02, 0x04, 0x23, 0x12, 0x20, 0x03, 0x28, 0x02, 0x00, 
    0x22, 0x03, 0x36, 0x02, 0x04, 0x20, 0x02, 0x20, 0x03, 0x10, 0x42, 0x22, 0x02, 0x36, 0x02, 0x34, 
    0x23, 0x12, 0x21, 0x03, 0x23, 0x12, 0x20, 0x00, 0x36, 0x02, 0x38, 0x23, 0x12, 0x20, 0x00, 0x10, 
    0x63, 0x22, 0x00, 0x36, 0x02, 0x3c, 0x23, 0x12, 0x41, 0xa0, 0x1f, 0x36, 0x02, 0x40, 0x23, 0x12, 
    0x20, 0x00, 0x36, 0x02, 0x44, 0x23, 0x12, 0x20, 0x00, 0x36, 0x02, 0x48, 0x23, 0x12, 0x20, 0x00, 
    0x36, 0x02, 0x04, 0x23, 0x12, 0x20, 0x00, 0x28, 0x02, 0x04, 0x22, 0x04, 0x36, 0x02, 0x38, 0x20, 
    0x04, 0x10, 0x58, 0x45, 0x04, 0x40, 0x23, 0x12, 0x41, 0xa0, 0x1f, 0x36, 0x02, 0x4c, 0x23, 0x12, 
    0x20, 0x00, 0x36, 0x02, 0x38, 0x23, 0x12, 0x20, 0x00, 0x28, 0x02, 0x04, 0x22, 0x00, 0x36, 0x02, 
    0x50, 0x20, 0x00, 0x45, 0x0d, 0x01, 0x23, 0x12, 0x20, 0x00, 0x36, 0x02, 0x54, 0x23, 0x12, 0x41, 
    0xe0, 0x33, 0x36, 0x02, 0x38, 0x23, 0x12, 0x41, 0xa0, 0x1f, 0x36, 0x02, 0x1c, 0x41, 0xe0, 0x33, 
    0x41, 0x00, 0x41, 0xa0, 0x1f, 0x10, 0x2d, 0x23, 0x12, 0x41, 0xe0, 0x33, 0x36, 0x02, 0x38, 0x23, 
    0x12, 0x20, 0x00, 0x36, 0x02, 0x1c, 0x41, 0xe0, 0x33, 0x41, 0x02, 0x20, 0x00, 0x10, 0x2d, 0x23, 
    0x12, 0x41, 0xe0, 0x33, 0x36, 0x02, 0x38, 0x23, 0x12, 0x41, 0xb0, 0x13, 0x36, 0x02, 0x04, 0x41, 
    0xe0, 0x33, 0x10, 0x5f, 0x41, 0xb0, 0x19, 0x41, 0x34, 0x41, 0x07, 0x10, 0x00, 0x00, 0x0b, 0x23, 
    0x12, 0x20, 0x00, 0x36, 0x02, 0x58, 0x23, 0x12, 0x20, 0x00, 0x36, 0x02, 0x38, 0x20, 0x03, 0x20, 
    0x00, 0x28, 0x02, 0x00, 0x22, 0x00, 0x36, 0x02, 0x5c, 0x23, 0x12, 0x20, 0x01, 0x36, 0x02, 0x38, 
    0x23, 0x12, 0x20, 0x02, 0x36, 0x02, 0x04, 0x23, 0x12, 0x20, 0x00, 0x36, 0x02, 0x1c, 0x20, 0x01, 
    0x20, 0x02, 0x20, 0x00, 0x10, 0x7d, 0x23, 0x12, 0x41, 0xb0, 0x10, 0x36, 0x02, 0x38, 0x41, 0xb0, 
    0x10, 0x10, 0x6b, 0x41, 0x01, 0x24, 0x0a, 0x20, 0x05, 0x10, 0x73, 0x23, 0x12, 0x41, 0xe0, 0x00, 
    0x6a, 0x24, 0x12, 0x0f, 0x0b, 0x41, 0xb0, 0x18, 0x41, 0xb0, 0x19, 0x41, 0x34, 0x41, 0x20, 0x10, 
    0x00, 0x00, 0x0b, 0x72, 0x00, 0x23, 0x12, 0x41, 0x18, 0x6b, 0x24, 0x12, 0x10, 0x39, 0x23, 0x12, 
    0x41, 0x00, 0x41, 0x18, 0xfc, 0x0b, 0x00, 0x23, 0x12, 0x41, 0x80, 0x0e, 0x36, 0x02, 0x04, 0x23, 
    0x12, 0x20, 0x00, 0x36, 0x02, 0x14, 0x20, 0x00, 0x10, 0x4b, 0x21, 0x00, 0x23, 0x12, 0x20, 0x00, 
    0x36, 0x02, 0x0c, 0x23, 0x12, 0x20, 0x01, 0x36, 0x02, 0x14, 0x20, 0x01, 0x10, 0x4b, 0x21, 0x01, 
    0x23, 0x12, 0x20, 0x01, 0x36, 0x02, 0x10, 0x20, 0x00, 0x20, 0x01, 0x10, 0x4c, 0x21, 0x00, 0x23, 
    0x12, 0x20, 0x00, 0x36, 0x02, 0x08, 0x41, 0x80, 0x0e, 0x20, 0x00, 0x10, 0x4d, 0x21, 0x00, 0x23, 
    0x12, 0x20, 0x00, 0x36, 0x02, 0x00, 0x20, 0x00, 0x10, 0x3c, 0x21, 0x00, 0x23, 0x12, 0x41, 0x18, 
    0x6a, 0x24, 0x12, 0x20, 0x00, 0x0b, 0x70, 0x00, 0x23, 0x12, 0x41, 0x0c, 0x6b, 0x24, 0x12, 0x10, 
    0x39, 0x23, 0x12, 0x42, 0x00, 0x37, 0x03, 0x00, 0x23, 0x12, 0x41, 0x00, 0x36, 0x02, 0x08, 0x23, 
    0x12, 0x20, 0x00, 0x36, 0x02, 0x00, 0x23, 0x12, 0x20, 0x01, 0x36, 0x02, 0x04, 0x23, 0x12, 0x20, 
    0x00, 0x20, 0x01, 0x10, 0x7f, 0x22, 0x00, 0x36, 0x02, 0x08, 0x23, 0x12, 0x20, 0x00, 0x36, 0x02, 
    0x00, 0x20, 0x00, 0x10, 0x4f, 0x04, 0x7f, 0x23, 0x12, 0x20, 0x00, 0x36, 0x02, 0x04, 0x20, 0x00, 
    0x10, 0x64, 0x21, 0x00, 0x23, 0x12, 0x20, 0x00, 0x36, 0x02, 0x00, 0x20, 0x00, 0x10, 0x62, 0x05, 
    0x42, 0x00, 0x42, 0x00, 0x42, 0x00, 0x42, 0x00, 0x10, 0x52, 0x0b, 0x21, 0x00, 0x23, 0x12, 0x41, 
    0x0c, 0x6a, 0x24, 0x12, 0x20, 0x00, 0x0b, 0xb1, 0x04, 0x01, 0x03, 0x7f, 0x23, 0x12, 0x41, 0xdc, 
    0x00, 0x6b, 0x24, 0x12, 0x10, 0x39, 0x23, 0x12, 0x41, 0x00, 0x41, 0xdc, 0x00, 0xfc, 0x0b, 0x00, 
    0x23, 0x12, 0x20, 0x00, 0x36, 0x02, 0x00, 0x23, 0x12, 0x20, 0x00, 0x10, 0x3a, 0x22, 0x00, 0x36, 
    0x02, 0x04, 0x23, 0x12, 0x21, 0x01, 0x23, 0x12, 0x20, 0x00, 0x36, 0x02, 0x00, 0x23, 0x12, 0x20, 
    0x00, 0x10, 0x5b, 0x22, 0x02, 0x36, 0x02, 0x08, 0x23, 0x12, 0x41, 0xa0, 0x36, 0x36, 0x02, 0x0c, 
    0x23, 0x12, 0x20, 0x02, 0x36, 0x02, 0x10, 0x23, 0x12, 0x20, 0x02, 0x36, 0x02, 0x14, 0x23, 0x12, 
    0x20, 0x02, 0x36, 0x02, 0x18, 0x23, 0x12, 0x20, 0x02, 0x28, 0x02, 0x04, 0x22, 0x03, 0x36, 0x02, 
    0x00, 0x02, 0x40, 0x20, 0x03, 0x10, 0x58, 0x45, 0x04, 0x40, 0x23, 0x12, 0x41, 0xa0, 0x36, 0x36, 
    0x02, 0x1c, 0x23, 0x12, 0x20, 0x02, 0x36, 0x02, 0x00, 0x23, 0x12, 0x20, 0x02, 0x28, 0x02, 0x04, 
    0x22, 0x00, 0x36, 0x02, 0x20, 0x20, 0x00, 0x45, 0x0d, 0x01, 0x23, 0x12, 0x20, 0x00, 0x36, 0x02, 
    0x24, 0x23, 0x12, 0x41, 0x80, 0x37, 0x36, 0x02, 0x00, 0x23, 0x12, 0x41, 0xa0, 0x36, 0x36, 0x02, 
    0x28, 0x41, 0x80, 0x37, 0x41, 0x00, 0x41, 0xa0, 0x36, 0x10, 0x2d, 0x23, 0x12, 0x41, 0x80, 0x37, 
    0x36, 0x02, 0x00, 0x23, 0x12, 0x20, 0x00, 0x36, 0x02, 0x28, 0x41, 0x80, 0x37, 0x41, 0x02, 0x20, 
    0x00, 0x10, 0x2d, 0x23, 0x12, 0x41, 0x80, 0x37, 0x36, 0x02, 0x00, 0x23, 0x12, 0x41, 0xb0, 0x13, 
    0x36, 0x02, 0x18, 0x41, 0x80, 0x37, 0x10, 0x5f, 0x41, 0xb0, 0x19, 0x41, 0x34, 0x41, 0x07, 0x10, 
    0x00, 0x00, 0x0b, 0x23, 0x12, 0x20, 0x02, 0x36, 0x02, 0x2c, 0x23, 0x12, 0x20, 0x02, 0x36, 0x02, 
    0x00, 0x23, 0x12, 0x20, 0x02, 0x28, 0x02, 0x00, 0x22, 0x02, 0x36, 0x02, 0x00, 0x20, 0x01, 0x20, 
    0x02, 0x10, 0x42, 0x22, 0x01, 0x36, 0x02, 0x30, 0x23, 0x12, 0x21, 0x02, 0x23, 0x12, 0x20, 0x00, 
    0x36, 0x02, 0x00, 0x23, 0x12, 0x20, 0x00, 0x10, 0x5b, 0x22, 0x00, 0x36, 0x02, 0x34, 0x23, 0x12, 
    0x41, 0xa0, 0x37, 0x36, 0x02, 0x38, 0x23, 0x12, 0x20, 0x00, 0x36, 0x02, 0x3c, 0x23, 0x12, 0x20, 
    0x00, 0x36, 0x02, 0x40, 0x23, 0x12, 0x20, 0x00, 0x36, 0x02, 0x18, 0x23, 0x12, 0x20, 0x00, 0x28, 
    0x02, 0x04, 0x22, 0x03, 0x36, 0x02, 0x00, 0x20, 0x03, 0x10, 0x58, 0x45, 0x04, 0x40, 0x23, 0x12, 
    0x41, 0xa0, 0x37, 0x36, 0x02, 0x44, 0x23, 0x12, 0x20, 0x00, 0x36, 0x02, 0x00, 0x23, 0x12, 0x20, 
    0x00, 0x28, 0x02, 0x04, 0x22, 0x00, 0x36, 0x02, 0x48, 0x20, 0x00, 0x45, 0x0d, 0x01, 0x23, 0x12, 
    0x20, 0x00, 0x36, 0x02, 0x4c, 0x23, 0x12, 0x41, 0x90, 0x38, 0x36, 0x02, 0x00, 0x23, 0x12, 0x41, 
    0xa0, 0x37, 0x36, 0x02, 0x28, 0x41, 0x90, 0x38, 0x41, 0x00, 0x41, 0xa0, 0x37, 0x10, 0x2d, 0x23, 
    0x12, 0x41, 0x90, 0x38, 0x36, 0x02, 0x00, 0x23, 0x12, 0x20, 0x00, 0x36, 0x02, 0x28, 0x41, 0x90, 
    0x38, 0x41, 0x02, 0x20, 0x00, 0x10, 0x2d, 0x23, 0x12, 0x41, 0x90, 0x38, 0x36, 0x02, 0x00, 0x23, 
    0x12, 0x41, 0xb0, 0x13, 0x36, 0x02, 0x18, 0x41, 0x90, 0x38, 0x10, 0x5f, 0x41, 0xb0, 0x19, 0x41, 
    0x34, 0x41, 0x07, 0x10, 0x00, 0x00, 0x0b, 0x23, 0x12, 0x20, 0x00, 0x36, 0x02, 0x50, 0x23, 0x12, 
    0x20, 0x00, 0x36, 0x02, 0x00, 0x23, 0x12, 0x20, 0x00, 0x28, 0x02, 0x00, 0x22, 0x00, 0x36, 0x02, 
    0x00, 0x20, 0x02, 0x20, 0x00, 0x10, 0x42, 0x22, 0x00, 0x36, 0x02, 0x54, 0x23, 0x12, 0x20, 0x01, 
    0x36, 0x02, 0x00, 0x23, 0x12, 0x20, 0x00, 0x36, 0x02, 0x18, 0x20, 0x01, 0x20, 0x00, 0x10, 0x80, 
    0x01, 0x21, 0x00, 0x23, 0x12, 0x20, 0x00, 0x36, 0x02, 0x58, 0x20, 0x00, 0x10, 0x53, 0x21, 0x00, 
    0x23, 0x12, 0x41, 0xdc, 0x00, 0x6a, 0x24, 0x12, 0x20, 0x00, 0x0f, 0x0b, 0x41, 0xb0, 0x18, 0x41, 
    0xb0, 0x19, 0x41, 0x34, 0x41, 0x20, 0x10, 0x00, 0x00, 0x0b, 0x5c, 0x00, 0x23, 0x12, 0x41, 0x10, 
    0x6b, 0x24, 0x12, 0x10, 0x39, 0x23, 0x12, 0x42, 0x00, 0x37, 0x03, 0x00, 0x23, 0x12, 0x42, 0x00, 
    0x37, 0x03, 0x08, 0x23, 0x12, 0x20, 0x00, 0x36, 0x02, 0x00, 0x23, 0x12, 0x20, 0x01, 0x36, 0x02, 
    0x04, 0x23, 0x12, 0x20, 0x00, 0x20, 0x01, 0x10, 0x7f, 0x22, 0x00, 0x36, 0x02, 0x08, 0x23, 0x12, 
    0x20, 0x00, 0x36, 0x02, 0x00, 0x23, 0x12, 0x20, 0x02, 0x36, 0x02, 0x0c, 0x20, 0x02, 0x10, 0x53, 
    0x21, 0x01, 0x23, 0x12, 0x20, 0x01, 0x36, 0x02, 0x04, 0x20, 0x00, 0x20, 0x01, 0x10, 0x68, 0x23, 
    0x12, 0x41, 0x10, 0x6a, 0x24, 0x12, 0x0b, 0xa0, 0x05, 0x02, 0x04, 0x7f, 0x01, 0x7e, 0x23, 0x12, 
    0x41, 0xe4, 0x00, 0x6b, 0x24, 0x12, 0x10, 0x39, 0x23, 0x12, 0x41, 0x00, 0x41, 0xe4, 0x00, 0xfc, 
    0x0b, 0x00, 0x10, 0x08, 0x21, 0x05, 0x23, 0x12, 0x10, 0x4a, 0x22, 0x01, 0x36, 0x02, 0x00, 0x23, 
    0x12, 0x20, 0x00, 0x36, 0x02, 0x04, 0x23, 0x12, 0x20, 0x00, 0x10, 0x3a, 0x22, 0x00, 0x36, 0x02, 
    0x08, 0x23, 0x12, 0x21, 0x02, 0x23, 0x12, 0x20, 0x00, 0x36, 0x02, 0x04, 0x23, 0x12, 0x20, 0x00, 
    0x10, 0x5b, 0x22, 0x03, 0x36, 0x02, 0x0c, 0x23, 0x12, 0x41, 0xa0, 0x37, 0x36, 0x02, 0x10, 0x23, 
    0x12, 0x20, 0x03, 0x36, 0x02, 0x14, 0x23, 0x12, 0x20, 0x03, 0x36, 0x02, 0x18, 0x23, 0x12, 0x20, 
    0x03, 0x36, 0x02, 0x1c, 0x23, 0x12, 0x20, 0x03, 0x28, 0x02, 0x04, 0x22, 0x04, 0x36, 0x02, 0x04, 
    0x02, 0x40, 0x20, 0x04, 0x10, 0x58, 0x45, 0x04, 0x40, 0x23, 0x12, 0x41, 0xa0, 0x37, 0x36, 0x02, 
    0x20, 0x23, 0x12, 0x20, 0x03, 0x36, 0x02, 0x04, 0x23, 0x12, 0x20, 0x03, 0x28, 0x02, 0x04, 0x22, 
    0x00, 0x36, 0x02, 0x24, 0x20, 0x00, 0x45, 0x0d, 0x01, 0x23, 0x12, 0x20, 0x00, 0x36, 0x02, 0x28, 
    0x23, 0x12, 0x41, 0xb0, 0x38, 0x36, 0x02, 0x04, 0x23, 0x12, 0x41, 0xa0, 0x37, 0x36, 0x02, 0x2c, 
    0x41, 0xb0, 0x38, 0x41, 0x00, 0x41, 0xa0, 0x37, 0x10, 0x2d, 0x23, 0x12, 0x41, 0xb0, 0x38, 0x36, 
    0x02, 0x04, 0x23, 0x12, 0x20, 0x00, 0x36, 0x02, 0x2c, 0x41, 0xb0, 0x38, 0x41, 0x02, 0x20, 0x00, 
    0x10, 0x2d, 0x23, 0x12, 0x41, 0xb0, 0x38, 0x36, 0x02, 0x04, 0x23, 0x12, 0x41, 0xb0, 0x13, 0x36, 
    0x02, 0x1c, 0x41, 0xb0, 0x38, 0x10, 0x5f, 0x41, 0xb0, 0x19, 0x41, 0x34, 0x41, 0x07, 0x10, 0x00, 
    0x00, 0x0b, 0x23, 0x12, 0x20, 0x03, 0x36, 0x02, 0x30, 0x23, 0x12, 0x20, 0x03, 0x36, 0x02, 0x04, 
    0x23, 0x12, 0x20, 0x03, 0x28, 0x02, 0x00, 0x22, 0x03, 0x36, 0x02, 0x04, 0x20, 0x02, 0x20, 0x03, 
    0x10, 0x42, 0x22, 0x02, 0x36, 0x02, 0x34, 0x23, 0x12, 0x21, 0x03, 0x23, 0x12, 0x20, 0x00, 0x36, 
    0x02, 0x38, 0x23, 0x12, 0x20, 0x00, 0x10, 0x63, 0x22, 0x00, 0x36, 0x02, 0x3c, 0x23, 0x12, 0x41, 
    0xa0, 0x1f, 0x36, 0x02, 0x40, 0x23, 0x12, 0x20, 0x00, 0x36, 0x02, 0x44, 0x23, 0x12, 0x20, 0x00, 
    0x36, 0x02, 0x48, 0x23, 0x12, 0x20, 0x00, 0x36, 0x02, 0x04, 0x23, 0x12, 0x20, 0x00, 0x28, 0x02, 
    0x04, 0x22, 0x04, 0x36, 0x02, 0x38, 0x20, 0x04, 0x10, 0x58, 0x45, 0x04, 0x40, 0x23, 0x12, 0x41, 
    0xa0, 0x1f, 0x36, 0x02, 0x4c, 0x23, 0x12, 0x20, 0x00, 0x36, 0x02, 0x38, 0x23, 0x12, 0x20, 0x00, 
    0x28, 0x02, 0x04, 0x22, 0x00, 0x36, 0x02, 0x50, 0x20, 0x00, 0x45, 0x0d, 0x01, 0x23, 0x12, 0x20, 
    0x00, 0x36, 0x02, 0x54, 0x23, 0x12, 0x41, 0xd0, 0x38, 0x36, 0x02, 0x38, 0x23, 0x12, 0x41, 0xa0, 
    0x1f, 0x36, 0x02, 0x1c, 0x41, 0xd0, 0x38, 0x41, 0x00, 0x41, 0xa0, 0x1f, 0x10, 0x2d, 0x23, 0x12, 
    0x41, 0xd0, 0x38, 0x36, 0x02, 0x38, 0x23, 0x12, 0x20, 0x00, 0x36, 0x02, 0x1c, 0x41, 0xd0, 0x38, 
    0x41, 0x02, 0x20, 0x00, 0x10, 0x2d, 0x23, 0x12, 0x41, 0xd0, 0x38, 0x36, 0x02, 0x38, 0x23, 0x12, 
    0x41, 0xb0, 0x13, 0x36, 0x02, 0x04, 0x41, 0xd0, 0x38, 0x10, 0x5f, 0x41, 0xb0, 0x19, 0x41, 0x34, 
    0x41, 0x07, 0x10, 0x00, 0x00, 0x0b, 0x23, 0x12, 0x20, 0x00, 0x36, 0x02, 0x58, 0x23, 0x12, 0x20, 
    0x00, 0x36, 0x02, 0x38, 0x20, 0x03, 0x20, 0x00, 0x28, 0x02, 0x00, 0x22, 0x03, 0x36, 0x02, 0x5c, 
    0x23, 0x12, 0x21, 0x00, 0x23, 0x12, 0x20, 0x01, 0x36, 0x02, 0x1c, 0x23, 0x12, 0x20, 0x02, 0x36, 
    0x02, 0x2c, 0x20, 0x01, 0x20, 0x02, 0x10, 0x80, 0x01, 0x21, 0x04, 0x23, 0x12, 0x20, 0x04, 0x36, 
    0x02, 0x38, 0x23, 0x12, 0x20, 0x03, 0x36, 0x02, 0x04, 0x20, 0x00, 0x20, 0x04, 0x20, 0x03, 0x10, 
    0x66, 0x22, 0x00, 0x36, 0x02, 0x60, 0x23, 0x12, 0x20, 0x00, 0x36, 0x02, 0x38, 0x23, 0x12, 0x20, 
    0x03, 0x36, 0x02, 0x04, 0x20, 0x00, 0x20, 0x03, 0x10, 0x67, 0x04, 0x40, 0x23, 0x12, 0x42, 0x7f, 
    0x42, 0x7f, 0x42, 0x7f, 0x42, 0x7f, 0x10, 0x52, 0x22, 0x00, 0x36, 0x02, 0x60, 0x0b, 0x23, 0x12, 
    0x20, 0x01, 0x36, 0x02, 0x38, 0x23, 0x12, 0x20, 0x02, 0x36, 0x02, 0x04, 0x23, 0x12, 0x20, 0x00, 
    0x36, 0x02, 0x1c, 0x20, 0x01, 0x20, 0x02, 0x20, 0x00, 0x10, 0x82, 0x01, 0x23, 0x12, 0x41, 0xf0, 
    0x10, 0x36, 0x02, 0x38, 0x41, 0xf0, 0x10, 0x10, 0x6b, 0x41, 0x01, 0x24, 0x0a, 0x20, 0x05, 0x10, 
    0x73, 0x23, 0x12, 0x41, 0xe4, 0x00, 0x6a, 0x24, 0x12, 0x0f, 0x0b, 0x41, 0xb0, 0x18, 0x41, 0xb0, 
    0x19, 0x41, 0x34, 0x41, 0x20, 0x10, 0x00, 0x00, 0x0b, 0xaf, 0x05, 0x02, 0x04, 0x7f, 0x01, 0x7e, 
    0x23, 0x12, 0x41, 0xf0, 0x00, 0x6b, 0x24, 0x12, 0x10, 0x39, 0x23, 0x12, 0x41, 0x00, 0x41, 0xf0, 
    0x00, 0xfc, 0x0b, 0x00, 0x10, 0x08, 0x21, 0x05, 0x23, 0x12, 0x10, 0x4a, 0x22, 0x01, 0x36, 0x02, 
    0x00, 0x23, 0x12, 0x20, 0x00, 0x36, 0x02, 0x04, 0x23, 0x12, 0x20, 0x00, 0x10, 0x3a, 0x22, 0x00, 
    0x36, 0x02, 0x08, 0x23, 0x12, 0x21, 0x02, 0x23, 0x12, 0x20, 0x00, 0x36, 0x02, 0x04, 0x23, 0x12, 
    0x20, 0x00, 0x10, 0x5b, 0x22, 0x03, 0x36, 0x02, 0x0c, 0x23, 0x12, 0x41, 0xa0, 0x37, 0x36, 0x02, 
    0x10, 0x23, 0x12, 0x20, 0x03, 0x36, 0x02, 0x14, 0x23, 0x12, 0x20, 0x03, 0x36, 0x02, 0x18, 0x23, 
    0x12, 0x20, 0x03, 0x36, 0x02, 0x1c, 0x23, 0x12, 0x20, 0x03, 0x28, 0x02, 0x04, 0x22, 0x04, 0x36, 
    0x02, 0x04, 0x02, 0x40, 0x20, 0x04, 0x10, 0x58, 0x45, 0x04, 0x40, 0x23, 0x12, 0x41, 0xa0, 0x37, 
    0x36, 0x02, 0x20, 0x23, 0x12, 0x20, 0x03, 0x36, 0x02, 0x04, 0x23, 0x12, 0x20, 0x03, 0x28, 0x02, 
    0x04, 0x22, 0x00, 0x36, 0x02, 0x24, 0x20, 0x00, 0x45, 0x0d, 0x01, 0x23, 0x12, 0x20, 0x00, 0x36, 
    0x02, 0x28, 0x23, 0x12, 0x41, 0xf0, 0x38, 0x36, 0x02, 0x04, 0x23, 0x12, 0x41, 0xa0, 0x37, 0x36, 
    0x02, 0x2c, 0x41, 0xf0, 0x38, 0x41, 0x00, 0x41, 0xa0, 0x37, 0x10, 0x2d, 0x23, 0x12, 0x41, 0xf0, 
    0x38, 0x36, 0x02, 0x04, 0x23, 0x12, 0x20, 0x00, 0x36, 0x02, 0x2c, 0x41, 0xf0, 0x38, 0x41, 0x02, 
    0x20, 0x00, 0x10, 0x2d, 0x23, 0x12, 0x41, 0xf0, 0x38, 0x36, 0x02, 0x04, 0x23, 0x12, 0x41, 0xb0, 
    0x13, 0x36, 0x02, 0x1c, 0x41, 0xf0, 0x38, 0x10, 0x5f, 0x41, 0xb0, 0x19, 0x41, 0x34, 0x41, 0x07, 
    0x10, 0x00, 0x00, 0x0b, 0x23, 0x12, 0x20, 0x03, 0x36, 0x02, 0x30, 0x23, 0x12, 0x20, 0x03, 0x36, 
    0x02, 0x04, 0x23, 0x12, 0x20, 0x03, 0x28, 0x02, 0x00, 0x22, 0x03, 0x36, 0x02, 0x04, 0x20, 0x02, 
    0x20, 0x03, 0x10, 0x42, 0x22, 0x02, 0x36, 0x02, 0x34, 0x23, 0x12, 0x21, 0x03, 0x23, 0x12, 0x20, 
    0x00, 0x36, 0x02, 0x38, 0x23, 0x12, 0x20, 0x00, 0x10, 0x63, 0x22, 0x00, 0x36, 0x02, 0x3c, 0x23, 
    0x12, 0x41, 0xa0, 0x1f, 0x36, 0x02, 0x40, 0x23, 0x12, 0x20, 0x00, 0x36, 0x02, 0x44, 0x23, 0x12, 
    0x20, 0x00, 0x36, 0x02, 0x48, 0x23, 0x12, 0x20, 0x00, 0x36, 0x02, 0x04, 0x23, 0x12, 0x20, 0x00, 
    0x28, 0x02, 0x04, 0x22, 0x04, 0x36, 0x02, 0x38, 0x20, 0x04, 0x10, 0x58, 0x45, 0x04, 0x40, 0x23, 
    0x12, 0x41, 0xa0, 0x1f, 0x36, 0x02, 0x4c, 0x23, 0x12, 0x20, 0x00, 0x36, 0x02, 0x38, 0x23, 0x12, 
    0x20, 0x00, 0x28, 0x02, 0x04, 0x22, 0x00, 0x36, 0x02, 0x50, 0x20, 0x00, 0x45, 0x0d, 0x01, 0x23, 
    0x12, 0x20, 0x00, 0x36, 0x02, 0x54, 0x23, 0x12, 0x41, 0x90, 0x39, 0x36, 0x02, 0x38, 0x23, 0x12, 
    0x41, 0xa0, 0x1f, 0x36, 0x02, 0x1c, 0x41, 0x90, 0x39, 0x41, 0x00, 0x41, 0xa0, 0x1f, 0x10, 0x2d, 
    0x23, 0x12, 0x41, 0x90, 0x39, 0x36, 0x02, 0x38, 0x23, 0x12, 0x20, 0x00, 0x36, 0x02, 0x1c, 0x41, 
    0x90, 0x39, 0x41, 0x02, 0x20, 0x00, 0x10, 0x2d, 0x23, 0x12, 0x41, 0x90, 0x39, 0x36, 0x02, 0x38, 
    0x23, 0x12, 0x41, 0xb0, 0x13, 0x36, 0x02, 0x04, 0x41, 0x90, 0x39, 0x10, 0x5f, 0x41, 0xb0, 0x19, 
    0x41, 0x34, 0x41, 0x07, 0x10, 0x00, 0x00, 0x0b, 0x23, 0x12, 0x20, 0x00, 0x36, 0x02, 0x58, 0x23, 
    0x12, 0x20, 0x00, 0x36, 0x02, 0x38, 0x20, 0x03, 0x20, 0x00, 0x28, 0x02, 0x00, 0x22, 0x03, 0x36, 
    0x02, 0x5c, 0x23, 0x12, 0x20, 0x01, 0x36, 0x02, 0x38, 0x23, 0x12, 0x20, 0x02, 0x36, 0x02, 0x04, 
    0x23, 0x12, 0x20, 0x01, 0x20, 0x02, 0x10, 0x80, 0x01, 0x22, 0x04, 0x36, 0x02, 0x60, 0x23, 0x12, 
    0x42, 0x00, 0x42, 0x00, 0x42, 0x00, 0x42, 0x00, 0x10, 0x52, 0x22, 0x00, 0x36, 0x02, 0x64, 0x23, 
    0x12, 0x20, 0x04, 0x36, 0x02, 0x68, 0x23, 0x12, 0x20, 0x03, 0x36, 0x02, 0x6c, 0x23, 0x12, 0x20, 
    0x03, 0x36, 0x02, 0x38, 0x23, 0x12, 0x20, 0x04, 0x36, 0x02, 0x04, 0x20, 0x03, 0x20, 0x04, 0x10, 
    0x67, 0x04, 0x40, 0x23, 0x12, 0x20, 0x04, 0x36, 0x02, 0x38, 0x23, 0x12, 0x20, 0x03, 0x36, 0x02, 
    0x04, 0x23, 0x12, 0x20, 0x04, 0x20, 0x03, 0x10, 0x6f, 0x22, 0x00, 0x36, 0x02, 0x64, 0x0b, 0x23, 
    0x12, 0x20, 0x01, 0x36, 0x02, 0x38, 0x23, 0x12, 0x20, 0x02, 0x36, 0x02, 0x04, 0x23, 0x12, 0x20, 
    0x00, 0x36, 0x02, 0x1c, 0x20, 0x01, 0x20, 0x02, 0x20, 0x00, 0x10, 0x82, 0x01, 0x23, 0x12, 0x41, 
    0xf0, 0x10, 0x36, 0x02, 0x38, 0x41, 0xf0, 0x10, 0x10, 0x6b, 0x41, 0x01, 0x24, 0x0a, 0x20, 0x05, 
    0x10, 0x73, 0x23, 0x12, 0x41, 0xf0, 0x00, 0x6a, 0x24, 0x12, 0x0f, 0x0b, 0x41, 0xb0, 0x18, 0x41, 
    0xb0, 0x19, 0x41, 0x34, 0x41, 0x20, 0x10, 0x00, 0x00, 0x0b, 0xa6, 0x07, 0x02, 0x05, 0x7f, 0x01, 
    0x7e, 0x23, 0x12, 0x41, 0x94, 0x01, 0x6b, 0x24, 0x12, 0x10, 0x39, 0x23, 0x12, 0x41, 0x00, 0x41, 
    0x94, 0x01, 0xfc, 0x0b, 0x00, 0x10, 0x08, 0x21, 0x06, 0x23, 0x12, 0x10, 0x4a, 0x22, 0x01, 0x36, 
    0x02, 0x00, 0x23, 0x12, 0x20, 0x00, 0x36, 0x02, 0x04, 0x23, 0x12, 0x20, 0x00, 0x10, 0x3a, 0x22, 
    0x00, 0x36, 0x02, 0x08, 0x23, 0x12, 0x21, 0x02, 0x23, 0x12, 0x20, 0x00, 0x36, 0x02, 0x04, 0x23, 
    0x12, 0x20, 0x00, 0x10, 0x5b, 0x22, 0x03, 0x36, 0x02, 0x0c, 0x23, 0x12, 0x41, 0xb0, 0x39, 0x36, 
    0x02, 0x10, 0x23, 0x12, 0x20, 0x03, 0x36, 0x02, 0x14, 0x23, 0x12, 0x20, 0x03, 0x36, 0x02, 0x18, 
    0x23, 0x12, 0x20, 0x03, 0x36, 0x02, 0x1c, 0x23, 0x12, 0x20, 0x03, 0x28, 0x02, 0x04, 0x22, 0x04, 
    0x36, 0x02, 0x04, 0x02, 0x40, 0x02, 0x40, 0x20, 0x04, 0x10, 0x58, 0x45, 0x04, 0x40, 0x23, 0x12, 
    0x41, 0xb0, 0x39, 0x36, 0x02, 0x20, 0x23, 0x12, 0x20, 0x03, 0x36, 0x02, 0x04, 0x23, 0x12, 0x20, 
    0x03, 0x28, 0x02, 0x04, 0x22, 0x00, 0x36, 0x02, 0x24, 0x20, 0x00, 0x45, 0x0d, 0x01, 0x23, 0x12, 
    0x20, 0x00, 0x36, 0x02, 0x28, 0x23, 0x12, 0x41, 0xa0, 0x3a, 0x36, 0x02, 0x04, 0x23, 0x12, 0x41, 
    0xb0, 0x39, 0x36, 0x02, 0x2c, 0x41, 0xa0, 0x3a, 0x41, 0x00, 0x41, 0xb0, 0x39, 0x10, 0x2d, 0x23, 
    0x12, 0x41, 0xa0, 0x3a, 0x36, 0x02, 0x04, 0x23, 0x12, 0x20, 0x00, 0x36, 0x02, 0x2c, 0x41, 0xa0, 
    0x3a, 0x41, 0x02, 0x20, 0x00, 0x10, 0x2d, 0x41, 0xa0, 0x3a, 0x21, 0x00, 0x23, 0x12, 0x41, 0xa0, 
    0x3a, 0x36, 0x02, 0x04, 0x0c, 0x02, 0x0b, 0x23, 0x12, 0x20, 0x03, 0x36, 0x02, 0x30, 0x23, 0x12, 
    0x20, 0x03, 0x36, 0x02, 0x04, 0x23, 0x12, 0x20, 0x03, 0x28, 0x02, 0x00, 0x22, 0x03, 0x36, 0x02, 
    0x04, 0x20, 0x02, 0x20, 0x03, 0x10, 0x42, 0x22, 0x02, 0x36, 0x02, 0x34, 0x23, 0x12, 0x21, 0x03, 
    0x23, 0x12, 0x20, 0x00, 0x36, 0x02, 0x04, 0x23, 0x12, 0x20, 0x00, 0x10, 0x5b, 0x22, 0x04, 0x36, 
    0x02, 0x38, 0x23, 0x12, 0x41, 0xc0, 0x3a, 0x36, 0x02, 0x3c, 0x23, 0x12, 0x20, 0x04, 0x36, 0x02, 
    0x40, 0x23, 0x12, 0x20, 0x04, 0x36, 0x02, 0x44, 0x23, 0x12, 0x20, 0x04, 0x36, 0x02, 0x1c, 0x23, 
    0x12, 0x20, 0x04, 0x28, 0x02, 0x04, 0x22, 0x05, 0x36, 0x02, 0x04, 0x20, 0x05, 0x10, 0x58, 0x45, 
    0x04, 0x40, 0x23, 0x12, 0x41, 0xc0, 0x3a, 0x36, 0x02, 0x48, 0x23, 0x12, 0x20, 0x04, 0x36, 0x02, 
    0x04, 0x23, 0x12, 0x20, 0x04, 0x28, 0x02, 0x04, 0x22, 0x00, 0x36, 0x02, 0x4c, 0x20, 0x00, 0x45, 
    0x0d, 0x01, 0x23, 0x12, 0x20, 0x00, 0x36, 0x02, 0x50, 0x23, 0x12, 0x41, 0xc0, 0x3b, 0x36, 0x02, 
    0x04, 0x23, 0x12, 0x41, 0xc0, 0x3a, 0x36, 0x02, 0x2c, 0x41, 0xc0, 0x3b, 0x41, 0x00, 0x41, 0xc0, 
    0x3a, 0x10, 0x2d, 0x23, 0x12, 0x41, 0xc0, 0x3b, 0x36, 0x02, 0x04, 0x23, 0x12, 0x20, 0x00, 0x36, 
    0x02, 0x2c, 0x41, 0xc0, 0x3b, 0x41, 0x02, 0x20, 0x00, 0x10, 0x2d, 0x41, 0xc0, 0x3b, 0x21, 0x00, 
    0x23, 0x12, 0x41, 0xc0, 0x3b, 0x36, 0x02, 0x04, 0x0c, 0x02, 0x0b, 0x23, 0x12, 0x20, 0x04, 0x36, 
    0x02, 0x54, 0x23, 0x12, 0x20, 0x04, 0x36, 0x02, 0x04, 0x23, 0x12, 0x20, 0x04, 0x28, 0x02, 0x00, 
    0x22, 0x04, 0x36, 0x02, 0x04, 0x20, 0x03, 0x20, 0x04, 0x10, 0x42, 0x22, 0x03, 0x36, 0x02, 0x58, 
    0x23, 0x12, 0x21, 0x04, 0x23, 0x12, 0x20, 0x00, 0x36, 0x02, 0x5c, 0x23, 0x12, 0x20, 0x00, 0x10, 
    0x63, 0x22, 0x00, 0x36, 0x02, 0x60, 0x23, 0x12, 0x41, 0xa0, 0x1f, 0x36, 0x02, 0x64, 0x23, 0x12, 
    0x20, 0x00, 0x36, 0x02, 0x68, 0x23, 0x12, 0x20, 0x00, 0x36, 0x02, 0x6c, 0x23, 0x12, 0x20, 0x00, 
    0x36, 0x02, 0x04, 0x23, 0x12, 0x20, 0x00, 0x28, 0x02, 0x04, 0x22, 0x05, 0x36, 0x02, 0x5c, 0x20, 
    0x05, 0x10, 0x58, 0x45, 0x04, 0x40, 0x23, 0x12, 0x41, 0xa0, 0x1f, 0x36, 0x02, 0x70, 0x23, 0x12, 
    0x20, 0x00, 0x36, 0x02, 0x5c, 0x23, 0x12, 0x20, 0x00, 0x28, 0x02, 0x04, 0x22, 0x00, 0x36, 0x02, 
    0x74, 0x20, 0x00, 0x45, 0x0d, 0x01, 0x23, 0x12, 0x20, 0x00, 0x36, 0x02, 0x78, 0x23, 0x12, 0x41, 
    0xe0, 0x3b, 0x36, 0x02, 0x5c, 0x23, 0x12, 0x41, 0xa0, 0x1f, 0x36, 0x02, 0x1c, 0x41, 0xe0, 0x3b, 
    0x41, 0x00, 0x41, 0xa0, 0x1f, 0x10, 0x2d, 0x23, 0x12, 0x41, 0xe0, 0x3b, 0x36, 0x02, 0x5c, 0x23, 
    0x12, 0x20, 0x00, 0x36, 0x02, 0x1c, 0x41, 0xe0, 0x3b, 0x41, 0x02, 0x20, 0x00, 0x10, 0x2d, 0x23, 
    0x12, 0x41, 0xe0, 0x3b, 0x36, 0x02, 0x5c, 0x23, 0x12, 0x41, 0xb0, 0x13, 0x36, 0x02, 0x04, 0x41, 
    0xe0, 0x3b, 0x10, 0x5f, 0x41, 0xb0, 0x19, 0x41, 0x34, 0x41, 0x07, 0x10, 0x00, 0x00, 0x0b, 0x23, 
    0x12, 0x20, 0x00, 0x36, 0x02, 0x7c, 0x23, 0x12, 0x20, 0x00, 0x36, 0x02, 0x5c, 0x20, 0x04, 0x20, 
    0x00, 0x28, 0x02, 0x00, 0x22, 0x00, 0x36, 0x02, 0x80, 0x01, 0x23, 0x12, 0x20, 0x02, 0x36, 0x02, 
    0x5c, 0x23, 0x12, 0x20, 0x01, 0x36, 0x02, 0x04, 0x23, 0x12, 0x20, 0x02, 0x20, 0x01, 0x10, 0x80, 
    0x01, 0x22, 0x04, 0x36, 0x02, 0x84, 0x01, 0x23, 0x12, 0x20, 0x04, 0x36, 0x02, 0x88, 0x01, 0x23, 
    0x12, 0x20, 0x00, 0x36, 0x02, 0x8c, 0x01, 0x23, 0x12, 0x20, 0x04, 0x36, 0x02, 0x5c, 0x23, 0x12, 
    0x20, 0x00, 0x36, 0x02, 0x04, 0x20, 0x04, 0x20, 0x00, 0x10, 0x67, 0x04, 0x40, 0x41, 0x80, 0x3c, 
    0x41, 0xc0, 0x2d, 0x41, 0xc3, 0x02, 0x41, 0x03, 0x10, 0x00, 0x00, 0x0b, 0x23, 0x12, 0x20, 0x02, 
    0x36, 0x02, 0x5c, 0x23, 0x12, 0x20, 0x03, 0x36, 0x02, 0x04, 0x23, 0x12, 0x20, 0x00, 0x36, 0x02, 
    0x1c, 0x20, 0x02, 0x20, 0x03, 0x20, 0x00, 0x10, 0x7d, 0x23, 0x12, 0x20, 0x02, 0x36, 0x02, 0x5c, 
    0x23, 0x12, 0x20, 0x01, 0x36, 0x02, 0x04, 0x23, 0x12, 0x20, 0x04, 0x36, 0x02, 0x2c, 0x23, 0x12, 
    0x20, 0x00, 0x36, 0x02, 0x90, 0x01, 0x20, 0x04, 0x20, 0x00, 0x10, 0x6f, 0x21, 0x00, 0x23, 0x12, 
    0x20, 0x00, 0x36, 0x02, 0x1c, 0x20, 0x02, 0x20, 0x01, 0x20, 0x00, 0x10, 0x82, 0x01, 0x23, 0x12, 
    0x41, 0xb0, 0x10, 0x36, 0x02, 0x5c, 0x41, 0xb0, 0x10, 0x10, 0x6b, 0x41, 0x01, 0x24, 0x0a, 0x20, 
    0x06, 0x10, 0x73, 0x23, 0x12, 0x41, 0x94, 0x01, 0x6a, 0x24, 0x12, 0x0f, 0x0b, 0x41, 0xb0, 0x18, 
    0x41, 0xb0, 0x19, 0x41, 0x34, 0x41, 0x20, 0x10, 0x00, 0x00, 0x0b, 0x23, 0x12, 0x41, 0xb0, 0x13, 
    0x36, 0x02, 0x1c, 0x20, 0x00, 0x10, 0x5f, 0x41, 0xb0, 0x19, 0x41, 0x34, 0x41, 0x07, 0x10, 0x00, 
    0x00, 0x0b, 0x41, 0x00, 0x23, 0x12, 0x41, 0x04, 0x6b, 0x24, 0x12, 0x10, 0x39, 0x23, 0x12, 0x41, 
    0x00, 0x36, 0x02, 0x00, 0x20, 0x00, 0x41, 0xfc, 0xff, 0xff, 0xff, 0x03, 0x4b, 0x04, 0x40, 0x41, 
    0xb0, 0x0b, 0x41, 0xe0, 0x0b, 0x41, 0x33, 0x41, 0x3c, 0x10, 0x00, 0x00, 0x0b, 0x23, 0x12, 0x20, 
    0x00, 0x41, 0x05, 0x10, 0x24, 0x22, 0x00, 0x36, 0x02, 0x00, 0x23, 0x12, 0x41, 0x04, 0x6a, 0x24, 
    0x12, 0x20, 0x00, 0x0b, 0x5b, 0x01, 0x01, 0x7f, 0x23, 0x12, 0x41, 0x04, 0x6b, 0x24, 0x12, 0x10, 
    0x39, 0x23, 0x12, 0x41, 0x00, 0x36, 0x02, 0x00, 0x23, 0x12, 0x20, 0x00, 0x20, 0x01, 0x74, 0x22, 
    0x01, 0x41, 0x01, 0x41, 0x00, 0x10, 0x25, 0x22, 0x03, 0x36, 0x02, 0x00, 0x41, 0x10, 0x20, 0x02, 
    0x10, 0x24, 0x22, 0x02, 0x20, 0x03, 0x36, 0x02, 0x00, 0x20, 0x02, 0x20, 0x03, 0x41, 0x00, 0x10, 
    0x14, 0x20, 0x02, 0x20, 0x03, 0x36, 0x02, 0x04, 0x20, 0x02, 0x20, 0x01, 0x36, 0x02, 0x08, 0x20, 
    0x02, 0x20, 0x00, 0x36, 0x02, 0x0c, 0x23, 0x12, 0x41, 0x04, 0x6a, 0x24, 0x12, 0x20, 0x02, 0x0b, 
    0xe6, 0x02, 0x01, 0x05, 0x7f, 0x23, 0x12, 0x41, 0x04, 0x6b, 0x24, 0x12, 0x10, 0x39, 0x23, 0x12, 
    0x41, 0x00, 0x36, 0x02, 0x00, 0x20, 0x00, 0x20, 0x01, 0x6a, 0x22, 0x04, 0x20, 0x00, 0x49, 0x04, 
    0x40, 0x41, 0x00, 0x41, 0x80, 0x10, 0x41, 0x82, 0x06, 0x41, 0x07, 0x10, 0x00, 0x00, 0x0b, 0x23, 
    0x12, 0x20, 0x01, 0x41, 0x01, 0x74, 0x41, 0x02, 0x10, 0x24, 0x22, 0x02, 0x36, 0x02, 0x00, 0x20, 
    0x02, 0x21, 0x01, 0x03, 0x40, 0x20, 0x00, 0x20, 0x04, 0x49, 0x04, 0x40, 0x02, 0x40, 0x20, 0x00, 
    0x2d, 0x00, 0x00, 0x21, 0x05, 0x20, 0x00, 0x41, 0x01, 0x6a, 0x21, 0x00, 0x20, 0x05, 0x41, 0x80, 
    0x01, 0x71, 0x04, 0x40, 0x20, 0x00, 0x20, 0x04, 0x46, 0x0d, 0x01, 0x20, 0x00, 0x2d, 0x00, 0x00, 
    0x41, 0x3f, 0x71, 0x21, 0x06, 0x20, 0x00, 0x41, 0x01, 0x6a, 0x21, 0x00, 0x20, 0x05, 0x41, 0xe0, 
    0x01, 0x71, 0x41, 0xc0, 0x01, 0x46, 0x04, 0x40, 0x20, 0x01, 0x20, 0x05, 0x41, 0x1f, 0x71, 0x41, 
    0x06, 0x74, 0x20, 0x06, 0x72, 0x3b, 0x01, 0x00, 0x05, 0x20, 0x00, 0x20, 0x04, 0x46, 0x0d, 0x02, 
    0x20, 0x00, 0x2d, 0x00, 0x00, 0x41, 0x3f, 0x71, 0x21, 0x03, 0x20, 0x00, 0x41, 0x01, 0x6a, 0x21, 
    0x00, 0x20, 0x05, 0x41, 0xf0, 0x01, 0x71, 0x41, 0xe0, 0x01, 0x46, 0x04, 0x40, 0x20, 0x05, 0x41, 
    0x0f, 0x71, 0x41, 0x0c, 0x74, 0x20, 0x06, 0x41, 0x06, 0x74, 0x72, 0x20, 0x03, 0x72, 0x21, 0x03, 
    0x05, 0x20, 0x00, 0x20, 0x04, 0x46, 0x0d, 0x03, 0x20, 0x00, 0x2d, 0x00, 0x00, 0x41, 0x3f, 0x71, 
    0x20, 0x05, 0x41, 0x07, 0x71, 0x41, 0x12, 0x74, 0x20, 0x06, 0x41, 0x0c, 0x74, 0x72, 0x20, 0x03, 
    0x41, 0x06, 0x74, 0x72, 0x72, 0x21, 0x03, 0x20, 0x00, 0x41, 0x01, 0x6a, 0x21, 0x00, 0x0b, 0x20, 
    0x03, 0x41, 0x80, 0x80, 0x04, 0x49, 0x04, 0x40, 0x20, 0x01, 0x20, 0x03, 0x3b, 0x01, 0x00, 0x05, 
    0x20, 0x01, 0x20, 0x03, 0x41, 0x80, 0x80, 0x04, 0x6b, 0x22, 0x03, 0x41, 0x0a, 0x76, 0x41, 0x80, 
    0xb0, 0x03, 0x72, 0x20, 0x03, 0x41, 0xff, 0x07, 0x71, 0x41, 0x80, 0xb8, 0x03, 0x72, 0x41, 0x10, 
    0x74, 0x72, 0x36, 0x02, 0x00, 0x20, 0x01, 0x41, 0x02, 0x6a, 0x21, 0x01, 0x0b, 0x0b, 0x05, 0x20, 
    0x01, 0x20, 0x05, 0x3b, 0x01, 0x00, 0x0b, 0x20, 0x01, 0x41, 0x02, 0x6a, 0x21, 0x01, 0x0c, 0x02, 
    0x0b, 0x0b, 0x0b, 0x20, 0x02, 0x20, 0x01, 0x20, 0x02, 0x6b, 0x10, 0x28, 0x21, 0x00, 0x23, 0x12, 
    0x41, 0x04, 0x6a, 0x24, 0x12, 0x20, 0x00, 0x0b, 0x1b, 0x00, 0x23, 0x12, 0x41, 0x04, 0x6b, 0x24, 
    0x12, 0x10, 0x39, 0x23, 0x12, 0x20, 0x00, 0x36, 0x02, 0x00, 0x10, 0x6d, 0x23, 0x12, 0x41, 0x04, 
    0x6a, 0x24, 0x12, 0x0b, 0x1d, 0x00, 0x23, 0x12, 0x41, 0x04, 0x6b, 0x24, 0x12, 0x10, 0x39, 0x23, 
    0x12, 0x20, 0x00, 0x36, 0x02, 0x00, 0x20, 0x00, 0x10, 0x74, 0x23, 0x12, 0x41, 0x04, 0x6a, 0x24, 
    0x12, 0x0b, 0x31, 0x00, 0x23, 0x12, 0x41, 0x0c, 0x6b, 0x24, 0x12, 0x10, 0x39, 0x23, 0x12, 0x20, 
    0x00, 0x36, 0x02, 0x00, 0x23, 0x12, 0x20, 0x01, 0x36, 0x02, 0x04, 0x23, 0x12, 0x20, 0x03, 0x36, 
    0x02, 0x08, 0x20, 0x00, 0x20, 0x01, 0x20, 0x02, 0x20, 0x03, 0x10, 0x7b, 0x23, 0x12, 0x41, 0x0c, 
    0x6a, 0x24, 0x12, 0x0b, 0x1b, 0x00, 0x23, 0x12, 0x41, 0x04, 0x6b, 0x24, 0x12, 0x10, 0x39, 0x23, 
    0x12, 0x20, 0x00, 0x36, 0x02, 0x00, 0x23, 0x12, 0x41, 0x04, 0x6a, 0x24, 0x12, 0x23, 0x0c, 0x0b, 
    0x41, 0x00, 0x23, 0x12, 0x41, 0x04, 0x6b, 0x24, 0x12, 0x10, 0x39, 0x23, 0x12, 0x20, 0x00, 0x36, 
    0x02, 0x00, 0x23, 0x12, 0x41, 0x04, 0x6b, 0x24, 0x12, 0x10, 0x39, 0x23, 0x12, 0x41, 0x00, 0x36, 
    0x02, 0x00, 0x23, 0x12, 0x23, 0x0d, 0x22, 0x00, 0x36, 0x02, 0x00, 0x20, 0x00, 0x10, 0x64, 0x21, 
    0x00, 0x23, 0x12, 0x41, 0x04, 0x6a, 0x24, 0x12, 0x23, 0x12, 0x41, 0x04, 0x6a, 0x24, 0x12, 0x20, 
    0x00, 0x0b, 0x41, 0x00, 0x23, 0x12, 0x41, 0x04, 0x6b, 0x24, 0x12, 0x10, 0x39, 0x23, 0x12, 0x20, 
    0x00, 0x36, 0x02, 0x00, 0x23, 0x12, 0x41, 0x04, 0x6b, 0x24, 0x12, 0x10, 0x39, 0x23, 0x12, 0x41, 
    0x00, 0x36, 0x02, 0x00, 0x23, 0x12, 0x23, 0x0e, 0x22, 0x00, 0x36, 0x02, 0x00, 0x20, 0x00, 0x10, 
    0x64, 0x21, 0x00, 0x23, 0x12, 0x41, 0x04, 0x6a, 0x24, 0x12, 0x23, 0x12, 0x41, 0x04, 0x6a, 0x24, 
    0x12, 0x20, 0x00, 0x0b, 0x1f, 0x00, 0x23, 0x12, 0x41, 0x04, 0x6b, 0x24, 0x12, 0x10, 0x39, 0x23, 
    0x12, 0x20, 0x00, 0x36, 0x02, 0x00, 0x10, 0x65, 0x21, 0x00, 0x23, 0x12, 0x41, 0x04, 0x6a, 0x24, 
    0x12, 0x20, 0x00, 0x0b, 0x41, 0x00, 0x23, 0x12, 0x41, 0x04, 0x6b, 0x24, 0x12, 0x10, 0x39, 0x23, 
    0x12, 0x20, 0x00, 0x36, 0x02, 0x00, 0x23, 0x12, 0x41, 0x04, 0x6b, 0x24, 0x12, 0x10, 0x39, 0x23, 
    0x12, 0x41, 0x00, 0x36, 0x02, 0x00, 0x23, 0x12, 0x23, 0x10, 0x22, 0x00, 0x36, 0x02, 0x00, 0x20, 
    0x00, 0x10, 0x64, 0x21, 0x00, 0x23, 0x12, 0x41, 0x04, 0x6a, 0x24, 0x12, 0x23, 0x12, 0x41, 0x04, 
    0x6a, 0x24, 0x12, 0x20, 0x00, 0x0b, 0x21, 0x00, 0x23, 0x12, 0x41, 0x04, 0x6b, 0x24, 0x12, 0x10, 
    0x39, 0x23, 0x12, 0x20, 0x00, 0x36, 0x02, 0x00, 0x20, 0x00, 0x10, 0x7c, 0x21, 0x00, 0x23, 0x12, 
    0x41, 0x04, 0x6a, 0x24, 0x12, 0x20, 0x00, 0x0b, 0x1d, 0x00, 0x23, 0x12, 0x41, 0x04, 0x6b, 0x24, 
    0x12, 0x10, 0x39, 0x23, 0x12, 0x20, 0x00, 0x36, 0x02, 0x00, 0x20, 0x00, 0x10, 0x7e, 0x23, 0x12, 
    0x41, 0x04, 0x6a, 0x24, 0x12, 0x0b, 0x22, 0x00, 0x23, 0x12, 0x41, 0x04, 0x6b, 0x24, 0x12, 0x10, 
    0x39, 0x23, 0x12, 0x20, 0x00, 0x36, 0x02, 0x00, 0x20, 0x00, 0x10, 0x81, 0x01, 0x21, 0x00, 0x23, 
    0x12, 0x41, 0x04, 0x6a, 0x24, 0x12, 0x20, 0x00, 0x0b, 0x1e, 0x00, 0x23, 0x12, 0x41, 0x04, 0x6b, 
    0x24, 0x12, 0x10, 0x39, 0x23, 0x12, 0x20, 0x00, 0x36, 0x02, 0x00, 0x20, 0x00, 0x10, 0x83, 0x01, 
    0x23, 0x12, 0x41, 0x04, 0x6a, 0x24, 0x12, 0x0b, 0x1e, 0x00, 0x23, 0x12, 0x41, 0x04, 0x6b, 0x24, 
    0x12, 0x10, 0x39, 0x23, 0x12, 0x20, 0x00, 0x36, 0x02, 0x00, 0x20, 0x00, 0x10, 0x84, 0x01, 0x23, 
    0x12, 0x41, 0x04, 0x6a, 0x24, 0x12, 0x0b, 0x1e, 0x00, 0x23, 0x12, 0x41, 0x04, 0x6b, 0x24, 0x12, 
    0x10, 0x39, 0x23, 0x12, 0x20, 0x00, 0x36, 0x02, 0x00, 0x20, 0x00, 0x10, 0x85, 0x01, 0x23, 0x12, 
    0x41, 0x04, 0x6a, 0x24, 0x12, 0x0b, 0x57, 0x00, 0x23, 0x12, 0x41, 0x0c, 0x6b, 0x24, 0x12, 0x10, 
    0x39, 0x23, 0x12, 0x42, 0x00, 0x37, 0x03, 0x00, 0x23, 0x12, 0x41, 0x00, 0x36, 0x02, 0x08, 0x23, 
    0x12, 0x41, 0x08, 0x20, 0x02, 0x10, 0x24, 0x22, 0x02, 0x36, 0x02, 0x00, 0x23, 0x12, 0x20, 0x02, 
    0x36, 0x02, 0x04, 0x23, 0x12, 0x20, 0x00, 0x36, 0x02, 0x08, 0x20, 0x02, 0x20, 0x00, 0x10, 0x2a, 
    0x23, 0x12, 0x20, 0x02, 0x36, 0x02, 0x04, 0x23, 0x12, 0x20, 0x01, 0x36, 0x02, 0x08, 0x20, 0x02, 
    0x20, 0x01, 0x10, 0x15, 0x23, 0x12, 0x41, 0x0c, 0x6a, 0x24, 0x12, 0x20, 0x02, 0x0b, 0x0b, 0xf5, 
    0x30, 0xaf, 0x01, 0x00, 0x41, 0x8c, 0x08, 0x0b, 0x01, 0x3c, 0x00, 0x41, 0x98, 0x08, 0x0b, 0x27, 
    0x02, 0x00, 0x00, 0x00, 0x20, 0x00, 0x00, 0x00, 0x7e, 0x00, 0x6c, 0x00, 0x69, 0x00, 0x62, 0x00, 
    0x2f, 0x00, 0x72, 0x00, 0x74, 0x00, 0x2f, 0x00, 0x69, 0x00, 0x74, 0x00, 0x63, 0x00, 0x6d, 0x00, 
    0x73, 0x00, 0x2e, 0x00, 0x74, 0x00, 0x73, 0x00, 0x41, 0xec, 0x08, 0x0b, 0x01, 0x3c, 0x00, 0x41, 
    0xf8, 0x08, 0x0b, 0x2b, 0x02, 0x00, 0x00, 0x00, 0x24, 0x00, 0x00, 0x00, 0x49, 0x00, 0x6e, 0x00, 
    0x64, 0x00, 0x65, 0x00, 0x78, 0x00, 0x20, 0x00, 0x6f, 0x00, 0x75, 0x00, 0x74, 0x00, 0x20, 0x00, 
    0x6f, 0x00, 0x66, 0x00, 0x20, 0x00, 0x72, 0x00, 0x61, 0x00, 0x6e, 0x00, 0x67, 0x00, 0x65, 0x00, 
    0x41, 0xac, 0x09, 0x0b, 0x01, 0x2c, 0x00, 0x41, 0xb8, 0x09, 0x0b, 0x1b, 0x02, 0x00, 0x00, 0x00, 
    0x14, 0x00, 0x00, 0x00, 0x7e, 0x00, 0x6c, 0x00, 0x69, 0x00, 0x62, 0x00, 0x2f, 0x00, 0x72, 0x00, 
    0x74, 0x00, 0x2e, 0x00, 0x74, 0x00, 0x73, 0x00, 0x41, 0xdc, 0x09, 0x0b, 0x01, 0x3c, 0x00, 0x41, 
    0xe8, 0x09, 0x0b, 0x2f, 0x02, 0x00, 0x00, 0x00, 0x28, 0x00, 0x00, 0x00, 0x41, 0x00, 0x6c, 0x00, 
    0x6c, 0x00, 0x6f, 0x00, 0x63, 0x00, 0x61, 0x00, 0x74, 0x00, 0x69, 0x00, 0x6f, 0x00, 0x6e, 0x00, 
    0x20, 0x00, 0x74, 0x00, 0x6f, 0x00, 0x6f, 0x00, 0x20, 0x00, 0x6c, 0x00, 0x61, 0x00, 0x72, 0x00, 
    0x67, 0x00, 0x65, 0x00, 0x41, 0xdc, 0x0a, 0x0b, 0x01, 0x3c, 0x00, 0x41, 0xe8, 0x0a, 0x0b, 0x25, 
    0x02, 0x00, 0x00, 0x00, 0x1e, 0x00, 0x00, 0x00, 0x7e, 0x00, 0x6c, 0x00, 0x69, 0x00, 0x62, 0x00, 
    0x2f, 0x00, 0x72, 0x00, 0x74, 0x00, 0x2f, 0x00, 0x74, 0x00, 0x6c, 0x00, 0x73, 0x00, 0x66, 0x00, 
    0x2e, 0x00, 0x74, 0x00, 0x73, 0x00, 0x41, 0x9c, 0x0b, 0x0b, 0x01, 0x2c, 0x00, 0x41, 0xa8, 0x0b, 
    0x0b, 0x23, 0x02, 0x00, 0x00, 0x00, 0x1c, 0x00, 0x00, 0x00, 0x49, 0x00, 0x6e, 0x00, 0x76, 0x00, 
    0x61, 0x00, 0x6c, 0x00, 0x69, 0x00, 0x64, 0x00, 0x20, 0x00, 0x6c, 0x00, 0x65, 0x00, 0x6e, 0x00, 
    0x67, 0x00, 0x74, 0x00, 0x68, 0x00, 0x41, 0xcc, 0x0b, 0x0b, 0x01, 0x3c, 0x00, 0x41, 0xd8, 0x0b, 
    0x0b, 0x2d, 0x02, 0x00, 0x00, 0x00, 0x26, 0x00, 0x00, 0x00, 0x7e, 0x00, 0x6c, 0x00, 0x69, 0x00, 
    0x62, 0x00, 0x2f, 0x00, 0x73, 0x00, 0x74, 0x00, 0x61, 0x00, 0x74, 0x00, 0x69, 0x00, 0x63, 0x00, 
    0x61, 0x00, 0x72, 0x00, 0x72, 0x00, 0x61, 0x00, 0x79, 0x00, 0x2e, 0x00, 0x74, 0x00, 0x73, 0x00, 
    0x41, 0x8c, 0x0c, 0x0b, 0x01, 0x1c, 0x00, 0x41, 0x98, 0x0c, 0x0b, 0x01, 0x05, 0x00, 0x41, 0xac, 
    0x0c, 0x0b, 0x01, 0x6c, 0x00, 0x41, 0xb8, 0x0c, 0x0b, 0x59, 0x02, 0x00, 0x00, 0x00, 0x52, 0x00, 
    0x00, 0x00, 0x41, 0x00, 0x55, 0x00, 0x31, 0x00, 0x31, 0x00, 0x31, 0x00, 0x31, 0x00, 0x31, 0x00, 
    0x31, 0x00, 0x31, 0x00, 0x31, 0x00, 0x31, 0x00, 0x31, 0x00, 0x31, 0x00, 0x31, 0x00, 0x31, 0x00, 
    0x31, 0x00, 0x31, 0x00, 0x31, 0x00, 0x31, 0x00, 0x31, 0x00, 0x31, 0x00, 0x31, 0x00, 0x31, 0x00, 
    0x31, 0x00, 0x31, 0x00, 0x31, 0x00, 0x31, 0x00, 0x31, 0x00, 0x31, 0x00, 0x31, 0x00, 0x31, 0x00, 
    0x31, 0x00, 0x31, 0x00, 0x31, 0x00, 0x31, 0x00, 0x32, 0x00, 0x6d, 0x00, 0x31, 0x00, 0x73, 0x00, 
    0x39, 0x00, 0x4b, 0x00, 0x41, 0x9c, 0x0d, 0x0b, 0x01, 0x1c, 0x00, 0x41, 0xa8, 0x0d, 0x0b, 0x0b, 
    0x02, 0x00, 0x00, 0x00, 0x04, 0x00, 0x00, 0x00, 0x3a, 0x00, 0x3a, 0x00, 0x41, 0xbc, 0x0d, 0x0b, 
    0x01, 0x2c, 0x00, 0x41, 0xc8, 0x0d, 0x0b, 0x15, 0x02, 0x00, 0x00, 0x00, 0x0e, 0x00, 0x00, 0x00, 
    0x42, 0x00, 0x41, 0x00, 0x4c, 0x00, 0x41, 0x00, 0x4e, 0x00, 0x43, 0x00, 0x45, 0x00, 0x41, 0xec, 
    0x0d, 0x0b, 0x01, 0x2c, 0x00, 0x41, 0xf8, 0x0d, 0x0b, 0x19, 0x02, 0x00, 0x00, 0x00, 0x12, 0x00, 
    0x00, 0x00, 0x41, 0x00, 0x4c, 0x00, 0x4c, 0x00, 0x4f, 0x00, 0x57, 0x00, 0x41, 0x00, 0x4e, 0x00, 
    0x43, 0x00, 0x45, 0x00, 0x41, 0x9c, 0x0e, 0x0b, 0x01, 0x1c, 0x00, 0x41, 0xa8, 0x0e, 0x0b, 0x11, 
    0x02, 0x00, 0x00, 0x00, 0x0a, 0x00, 0x00, 0x00, 0x4f, 0x00, 0x57, 0x00, 0x4e, 0x00, 0x45, 0x00, 
    0x52, 0x00, 0x41, 0xbc, 0x0e, 0x0b, 0x01, 0x2c, 0x00, 0x41, 0xc8, 0x0e, 0x0b, 0x1f, 0x02, 0x00, 
    0x00, 0x00, 0x18, 0x00, 0x00, 0x00, 0x43, 0x00, 0x48, 0x00, 0x41, 0x00, 0x4e, 0x00, 0x47, 0x00, 
    0x45, 0x00, 0x5f, 0x00, 0x4f, 0x00, 0x57, 0x00, 0x4e, 0x00, 0x45, 0x00, 0x52, 0x00, 0x41, 0xec, 
    0x0e, 0x0b, 0x01, 0x1c, 0x00, 0x41, 0xf8, 0x0e, 0x0b, 0x11, 0x02, 0x00, 0x00, 0x00, 0x0a, 0x00, 
    0x00, 0x00, 0x30, 0x00, 0x2e, 0x00, 0x31, 0x00, 0x2e, 0x00, 0x30, 0x00, 0x41, 0x8c, 0x0f, 0x0b, 
    0x01, 0x1c, 0x00, 0x41, 0x98, 0x0f, 0x0b, 0x01, 0x05, 0x00, 0x41, 0xac, 0x0f, 0x0b, 0x01, 0x3c, 
    0x00, 0x41, 0xb8, 0x0f, 0x0b, 0x2b, 0x02, 0x00, 0x00, 0x00, 0x24, 0x00, 0x00, 0x00, 0x55, 0x00, 
    0x6e, 0x00, 0x70, 0x00, 0x61, 0x00, 0x69, 0x00, 0x72, 0x00, 0x65, 0x00, 0x64, 0x00, 0x20, 0x00, 
    0x73, 0x00, 0x75, 0x00, 0x72, 0x00, 0x72, 0x00, 0x6f, 0x00, 0x67, 0x00, 0x61, 0x00, 0x74, 0x00, 
    0x65, 0x00, 0x41, 0xec, 0x0f, 0x0b, 0x01, 0x2c, 0x00, 0x41, 0xf8, 0x0f, 0x0b, 0x23, 0x02, 0x00, 
    0x00, 0x00, 0x1c, 0x00, 0x00, 0x00, 0x7e, 0x00, 0x6c, 0x00, 0x69, 0x00, 0x62, 0x00, 0x2f, 0x00, 
    0x73, 0x00, 0x74, 0x00, 0x72, 0x00, 0x69, 0x00, 0x6e, 0x00, 0x67, 0x00, 0x2e, 0x00, 0x74, 0x00, 
    0x73, 0x00, 0x41, 0x9c, 0x10, 0x0b, 0x01, 0x3c, 0x00, 0x41, 0xa8, 0x10, 0x0b, 0x27, 0x02, 0x00, 
    0x00, 0x00, 0x20, 0x00, 0x00, 0x00, 0x54, 0x00, 0x52, 0x00, 0x41, 0x00, 0x4e, 0x00, 0x53, 0x00, 
    0x46, 0x00, 0x45, 0x00, 0x52, 0x00, 0x20, 0x00, 0x53, 0x00, 0x55, 0x00, 0x43, 0x00, 0x43, 0x00, 
    0x45, 0x00, 0x53, 0x00, 0x53, 0x00, 0x41, 0xdc, 0x10, 0x0b, 0x01, 0x3c, 0x00, 0x41, 0xe8, 0x10, 
    0x0b, 0x27, 0x02, 0x00, 0x00, 0x00, 0x20, 0x00, 0x00, 0x00, 0x41, 0x00, 0x50, 0x00, 0x50, 0x00, 
    0x52, 0x00, 0x4f, 0x00, 0x56, 0x00, 0x41, 0x00, 0x4c, 0x00, 0x20, 0x00, 0x53, 0x00, 0x55, 0x00, 
    0x43, 0x00, 0x43, 0x00, 0x45, 0x00, 0x53, 0x00, 0x53, 0x00, 0x41, 0x9c, 0x11, 0x0b, 0x01, 0x1c, 
    0x00, 0x41, 0xa8, 0x11, 0x0b, 0x0f, 0x02, 0x00, 0x00, 0x00, 0x08, 0x00, 0x00, 0x00, 0x4e, 0x00, 
    0x41, 0x00, 0x4d, 0x00, 0x45, 0x00, 0x41, 0xbc, 0x11, 0x0b, 0x01, 0x1c, 0x00, 0x41, 0xc8, 0x11, 
    0x0b, 0x13, 0x02, 0x00, 0x00, 0x00, 0x0c, 0x00, 0x00, 0x00, 0x53, 0x00, 0x59, 0x00, 0x4d, 0x00, 
    0x42, 0x00, 0x4f, 0x00, 0x4c, 0x00, 0x41, 0xdc, 0x11, 0x0b, 0x01, 0x2c, 0x00, 0x41, 0xe8, 0x11, 
    0x0b, 0x1f, 0x02, 0x00, 0x00, 0x00, 0x18, 0x00, 0x00, 0x00, 0x54, 0x00, 0x4f, 0x00, 0x54, 0x00, 
    0x41, 0x00, 0x4c, 0x00, 0x5f, 0x00, 0x53, 0x00, 0x55, 0x00, 0x50, 0x00, 0x50, 0x00, 0x4c, 0x00, 
    0x59, 0x00, 0x41, 0x8c, 0x12, 0x0b, 0x01, 0x2c, 0x00, 0x41, 0x98, 0x12, 0x0b, 0x17, 0x02, 0x00, 
    0x00, 0x00, 0x10, 0x00, 0x00, 0x00, 0x44, 0x00, 0x45, 0x00, 0x43, 0x00, 0x49, 0x00, 0x4d, 0x00, 
    0x41, 0x00, 0x4c, 0x00, 0x53, 0x00, 0x41, 0xbc, 0x12, 0x0b, 0x01, 0x2c, 0x00, 0x41, 0xc8, 0x12, 
    0x0b, 0x1f, 0x02, 0x00, 0x00, 0x00, 0x18, 0x00, 0x00, 0x00, 0x42, 0x00, 0x55, 0x00, 0x52, 0x00, 
    0x4e, 0x00, 0x5f, 0x00, 0x53, 0x00, 0x55, 0x00, 0x43, 0x00, 0x43, 0x00, 0x45, 0x00, 0x53, 0x00, 
    0x53, 0x00, 0x41, 0xec, 0x12, 0x0b, 0x01, 0x2c, 0x00, 0x41, 0xf8, 0x12, 0x0b, 0x1f, 0x02, 0x00, 
    0x00, 0x00, 0x18, 0x00, 0x00, 0x00, 0x4d, 0x00, 0x49, 0x00, 0x4e, 0x00, 0x54, 0x00, 0x20, 0x00, 
    0x53, 0x00, 0x55, 0x00, 0x43, 0x00, 0x43, 0x00, 0x45, 0x00, 0x53, 0x00, 0x53, 0x00, 0x41, 0x9c, 
    0x13, 0x0b, 0x01, 0x1c, 0x00, 0x41, 0xa8, 0x13, 0x0b, 0x01, 0x02, 0x00, 0x41, 0xbc, 0x13, 0x0b, 
    0x01, 0x1c, 0x00, 0x41, 0xc8, 0x13, 0x0b, 0x09, 0x02, 0x00, 0x00, 0x00, 0x02, 0x00, 0x00, 0x00, 
    0x2c, 0x00, 0x41, 0xdc, 0x13, 0x0b, 0x01, 0x2c, 0x00, 0x41, 0xe8, 0x13, 0x0b, 0x21, 0x02, 0x00, 
    0x00, 0x00, 0x1a, 0x00, 0x00, 0x00, 0x7e, 0x00, 0x6c, 0x00, 0x69, 0x00, 0x62, 0x00, 0x2f, 0x00, 
    0x61, 0x00, 0x72, 0x00, 0x72, 0x00, 0x61, 0x00, 0x79, 0x00, 0x2e, 0x00, 0x74, 0x00, 0x73, 0x00, 
    0x41, 0x8c, 0x14, 0x0b, 0x01, 0x1c, 0x00, 0x41, 0x98, 0x14, 0x0b, 0x09, 0x0c, 0x00, 0x00, 0x00, 
    0x08, 0x00, 0x00, 0x00, 0x01, 0x00, 0x41, 0xac, 0x14, 0x0b, 0x01, 0x7c, 0x00, 0x41, 0xb8, 0x14, 
    0x0b, 0x65, 0x02, 0x00, 0x00, 0x00, 0x5e, 0x00, 0x00, 0x00, 0x45, 0x00, 0x6c, 0x00, 0x65, 0x00, 
    0x6d, 0x00, 0x65, 0x00, 0x6e, 0x00, 0x74, 0x00, 0x20, 0x00, 0x74, 0x00, 0x79, 0x00, 0x70, 0x00, 
    0x65, 0x00, 0x20, 0x00, 0x6d, 0x00, 0x75, 0x00, 0x73, 0x00, 0x74, 0x00, 0x20, 0x00, 0x62, 0x00, 
    0x65, 0x00, 0x20, 0x00, 0x6e, 0x00, 0x75, 0x00, 0x6c, 0x00, 0x6c, 0x00, 0x61, 0x00, 0x62, 0x00, 
    0x6c, 0x00, 0x65, 0x00, 0x20, 0x00, 0x69, 0x00, 0x66, 0x00, 0x20, 0x00, 0x61, 0x00, 0x72, 0x00, 
    0x72, 0x00, 0x61, 0x00, 0x79, 0x00, 0x20, 0x00, 0x69, 0x00, 0x73, 0x00, 0x20, 0x00, 0x68, 0x00, 
    0x6f, 0x00, 0x6c, 0x00, 0x65, 0x00, 0x79, 0x00, 0x41, 0xac, 0x15, 0x0b, 0x01, 0x7c, 0x00, 0x41, 
    0xb8, 0x15, 0x0b, 0x73, 0x02, 0x00, 0x00, 0x00, 0x6c, 0x00, 0x00, 0x00, 0x54, 0x00, 0x72, 0x00, 
    0x61, 0x00, 0x6e, 0x00, 0x73, 0x00, 0x66, 0x00, 0x65, 0x00, 0x72, 0x00, 0x72, 0x00, 0x65, 0x00, 
    0x64, 0x00, 0x20, 0x00, 0x61, 0x00, 0x6d, 0x00, 0x6f, 0x00, 0x75, 0x00, 0x6e, 0x00, 0x74, 0x00, 
    0x20, 0x00, 0x69, 0x00, 0x73, 0x00, 0x20, 0x00, 0x6e, 0x00, 0x6f, 0x00, 0x74, 0x00, 0x20, 0x00, 
    0x65, 0x00, 0x6e, 0x00, 0x6f, 0x00, 0x75, 0x00, 0x67, 0x00, 0x68, 0x00, 0x20, 0x00, 0x74, 0x00, 
    0x6f, 0x00, 0x20, 0x00, 0x63, 0x00, 0x6f, 0x00, 0x76, 0x00, 0x65, 0x00, 0x72, 0x00, 0x20, 0x00, 
    0x73, 0x00, 0x74, 0x00, 0x6f, 0x00, 0x72, 0x00, 0x61, 0x00, 0x67, 0x00, 0x65, 0x00, 0x20, 0x00, 
    0x63, 0x00, 0x6f, 0x00, 0x73, 0x00, 0x74, 0x00, 0x41, 0xac, 0x16, 0x0b, 0x01, 0x5c, 0x00, 0x41, 
    0xb8, 0x16, 0x0b, 0x47, 0x02, 0x00, 0x00, 0x00, 0x40, 0x00, 0x00, 0x00, 0x61, 0x00, 0x73, 0x00, 
    0x73, 0x00, 0x65, 0x00, 0x6d, 0x00, 0x62, 0x00, 0x6c, 0x00, 0x79, 0x00, 0x2f, 0x00, 0x63, 0x00, 
    0x6f, 0x00, 0x6e, 0x00, 0x74, 0x00, 0x72, 0x00, 0x61, 0x00, 0x63, 0x00, 0x74, 0x00, 0x73, 0x00, 
    0x2f, 0x00, 0x4d, 0x00, 0x52, 0x00, 0x43, 0x00, 0x32, 0x00, 0x30, 0x00, 0x2f, 0x00, 0x57, 0x00, 
    0x4d, 0x00, 0x41, 0x00, 0x53, 0x00, 0x2e, 0x00, 0x74, 0x00, 0x73, 0x00, 0x41, 0x8c, 0x17, 0x0b, 
    0x01, 0x8c, 0x00, 0x41, 0x98, 0x17, 0x0b, 0x75, 0x02, 0x00, 0x00, 0x00, 0x6e, 0x00, 0x00, 0x00, 
    0x63, 0x00, 0x61, 0x00, 0x6e, 0x00, 0x27, 0x00, 0x74, 0x00, 0x20, 0x00, 0x64, 0x00, 0x65, 0x00, 
    0x73, 0x00, 0x65, 0x00, 0x72, 0x00, 0x69, 0x00, 0x61, 0x00, 0x6c, 0x00, 0x69, 0x00, 0x7a, 0x00, 
    0x65, 0x00, 0x20, 0x00, 0x75, 0x00, 0x33, 0x00, 0x32, 0x00, 0x20, 0x00, 0x66, 0x00, 0x72, 0x00, 
    0x6f, 0x00, 0x6d, 0x00, 0x20, 0x00, 0x67, 0x00, 0x69, 0x00, 0x76, 0x00, 0x65, 0x00, 0x6e, 0x00, 
    0x20, 0x00, 0x61, 0x00, 0x72, 0x00, 0x67, 0x00, 0x75, 0x00, 0x6d, 0x00, 0x65, 0x00, 0x6e, 0x00, 
    0x74, 0x00, 0x3a, 0x00, 0x20, 0x00, 0x6f, 0x00, 0x75, 0x00, 0x74, 0x00, 0x20, 0x00, 0x6f, 0x00, 
    0x66, 0x00, 0x20, 0x00, 0x72, 0x00, 0x61, 0x00, 0x6e, 0x00, 0x67, 0x00, 0x65, 0x00, 0x41, 0x9c, 
    0x18, 0x0b, 0x01, 0x7c, 0x00, 0x41, 0xa8, 0x18, 0x0b, 0x65, 0x02, 0x00, 0x00, 0x00, 0x5e, 0x00, 
    0x00, 0x00, 0x55, 0x00, 0x6e, 0x00, 0x65, 0x00, 0x78, 0x00, 0x70, 0x00, 0x65, 0x00, 0x63, 0x00, 
    0x74, 0x00, 0x65, 0x00, 0x64, 0x00, 0x20, 0x00, 0x27, 0x00, 0x6e, 0x00, 0x75, 0x00, 0x6c, 0x00, 
    0x6c, 0x00, 0x27, 0x00, 0x20, 0x00, 0x28, 0x00, 0x6e, 0x00, 0x6f, 0x00, 0x74, 0x00, 0x20, 0x00, 
    0x61, 0x00, 0x73, 0x00, 0x73, 0x00, 0x69, 0x00, 0x67, 0x00, 0x6e, 0x00, 0x65, 0x00, 0x64, 0x00, 
    0x20, 0x00, 0x6f, 0x00, 0x72, 0x00, 0x20, 0x00, 0x66, 0x00, 0x61, 0x00, 0x69, 0x00, 0x6c, 0x00, 
    0x65, 0x00, 0x64, 0x00, 0x20, 0x00, 0x63, 0x00, 0x61, 0x00, 0x73, 0x00, 0x74, 0x00, 0x29, 0x00, 
    0x41, 0x9c, 0x19, 0x0b, 0x01, 0x6c, 0x00, 0x41, 0xa8, 0x19, 0x0b, 0x5d, 0x02, 0x00, 0x00, 0x00, 
    0x56, 0x00, 0x00, 0x00, 0x7e, 0x00, 0x6c, 0x00, 0x69, 0x00, 0x62, 0x00, 0x2f, 0x00, 0x40, 0x00, 
    0x6d, 0x00, 0x61, 0x00, 0x73, 0x00, 0x73, 0x00, 0x61, 0x00, 0x6c, 0x00, 0x61, 0x00, 0x62, 0x00, 
    0x73, 0x00, 0x2f, 0x00, 0x61, 0x00, 0x73, 0x00, 0x2d, 0x00, 0x74, 0x00, 0x79, 0x00, 0x70, 0x00, 
    0x65, 0x00, 0x73, 0x00, 0x2f, 0x00, 0x61, 0x00, 0x73, 0x00, 0x73, 0x00, 0x65, 0x00, 0x6d, 0x00, 
    0x62, 0x00, 0x6c, 0x00, 0x79, 0x00, 0x2f, 0x00, 0x72, 0x00, 0x65, 0x00, 0x73, 0x00, 0x75, 0x00, 
    0x6c, 0x00, 0x74, 0x00, 0x2e, 0x00, 0x74, 0x00, 0x73, 0x00, 0x41, 0x8c, 0x1a, 0x0b, 0x01, 0x8c, 
    0x00, 0x41, 0x98, 0x1a, 0x0b, 0x7b, 0x02, 0x00, 0x00, 0x00, 0x74, 0x00, 0x00, 0x00, 0x63, 0x00, 
    0x61, 0x00, 0x6e, 0x00, 0x27, 0x00, 0x74, 0x00, 0x20, 0x00, 0x64, 0x00, 0x65, 0x00, 0x73, 0x00, 
    0x65, 0x00, 0x72, 0x00, 0x69, 0x00, 0x61, 0x00, 0x6c, 0x00, 0x69, 0x00, 0x7a, 0x00, 0x65, 0x00, 
    0x20, 0x00, 0x73, 0x00, 0x74, 0x00, 0x72, 0x00, 0x69, 0x00, 0x6e, 0x00, 0x67, 0x00, 0x20, 0x00, 
    0x66, 0x00, 0x72, 0x00, 0x6f, 0x00, 0x6d, 0x00, 0x20, 0x00, 0x67, 0x00, 0x69, 0x00, 0x76, 0x00, 
    0x65, 0x00, 0x6e, 0x00, 0x20, 0x00, 0x61, 0x00, 0x72, 0x00, 0x67, 0x00, 0x75, 0x00, 0x6d, 0x00, 
    0x65, 0x00, 0x6e, 0x00, 0x74, 0x00, 0x3a, 0x00, 0x20, 0x00, 0x6f, 0x00, 0x75, 0x00, 0x74, 0x00, 
    0x20, 0x00, 0x6f, 0x00, 0x66, 0x00, 0x20, 0x00, 0x72, 0x00, 0x61, 0x00, 0x6e, 0x00, 0x67, 0x00, 
    0x65, 0x00, 0x41, 0x9c, 0x1b, 0x0b, 0x01, 0x6c, 0x00, 0x41, 0xa8, 0x1b, 0x0b, 0x57, 0x02, 0x00, 
    0x00, 0x00, 0x50, 0x00, 0x00, 0x00, 0x72, 0x00, 0x65, 0x00, 0x63, 0x00, 0x69, 0x00, 0x70, 0x00, 
    0x69, 0x00, 0x65, 0x00, 0x6e, 0x00, 0x74, 0x00, 0x20, 0x00, 0x61, 0x00, 0x72, 0x00, 0x67, 0x00, 
    0x75, 0x00, 0x6d, 0x00, 0x65, 0x00, 0x6e, 0x00, 0x74, 0x00, 0x20, 0x00, 0x69, 0x00, 0x73, 0x00, 
    0x20, 0x00, 0x6d, 0x00, 0x69, 0x00, 0x73, 0x00, 0x73, 0x00, 0x69, 0x00, 0x6e, 0x00, 0x67, 0x00, 
    0x20, 0x00, 0x6f, 0x00, 0x72, 0x00, 0x20, 0x00, 0x69, 0x00, 0x6e, 0x00, 0x76, 0x00, 0x61, 0x00, 
    0x6c, 0x00, 0x69, 0x00, 0x64, 0x00, 0x41, 0x8c, 0x1c, 0x0b, 0x01, 0x1c, 0x00, 0x41, 0x98, 0x1c, 
    0x0b, 0x0b, 0x02, 0x00, 0x00, 0x00, 0x04, 0x00, 0x00, 0x00, 0x3a, 0x00, 0x20, 0x00, 0x41, 0xac, 
    0x1c, 0x0b, 0x1a, 0x1c, 0x00, 0x00, 0x00, 0x03, 0x00, 0x00, 0x00, 0x00, 0x00, 0x00, 0x00, 0x14, 
    0x00, 0x00, 0x00, 0x0c, 0x00, 0x00, 0x00, 0x00, 0x00, 0x00, 0x00, 0x20, 0x0e, 0x00, 0x41, 0xcc, 
    0x1c, 0x0b, 0x01, 0x8c, 0x00, 0x41, 0xd8, 0x1c, 0x0b, 0x77, 0x02, 0x00, 0x00, 0x00, 0x70, 0x00, 
    0x00, 0x00, 0x63, 0x00, 0x61, 0x00, 0x6e, 0x00, 0x27, 0x00, 0x74, 0x00, 0x20, 0x00, 0x64, 0x00, 
    0x65, 0x00, 0x73, 0x00, 0x65, 0x00, 0x72, 0x00, 0x69, 0x00, 0x61, 0x00, 0x6c, 0x00, 0x69, 0x00, 
    0x7a, 0x00, 0x65, 0x00, 0x20, 0x00, 0x75, 0x00, 0x32, 0x00, 0x35, 0x00, 0x36, 0x00, 0x20, 0x00, 
    0x66, 0x00, 0x72, 0x00, 0x6f, 0x00, 0x6d, 0x00, 0x20, 0x00, 0x67, 0x00, 0x69, 0x00, 0x76, 0x00, 
    0x65, 0x00, 0x6e, 0x00, 0x20, 0x00, 0x61, 0x00, 0x72, 0x00, 0x67, 0x00, 0x75, 0x00, 0x6d, 0x00, 
    0x65, 0x00, 0x6e, 0x00, 0x74, 0x00, 0x3a, 0x00, 0x20, 0x00, 0x6f, 0x00, 0x75, 0x00, 0x74, 0x00, 
    0x20, 0x00, 0x6f, 0x00, 0x66, 0x00, 0x20, 0x00, 0x72, 0x00, 0x61, 0x00, 0x6e, 0x00, 0x67, 0x00, 
    0x65, 0x00, 0x41, 0xdc, 0x1d, 0x0b, 0x01, 0x3c, 0x00, 0x41, 0xe8, 0x1d, 0x0b, 0x2b, 0x02, 0x00, 
    0x00, 0x00, 0x24, 0x00, 0x00, 0x00, 0x7e, 0x00, 0x6c, 0x00, 0x69, 0x00, 0x62, 0x00, 0x2f, 0x00, 
    0x74, 0x00, 0x79, 0x00, 0x70, 0x00, 0x65, 0x00, 0x64, 0x00, 0x61, 0x00, 0x72, 0x00, 0x72, 0x00, 
    0x61, 0x00, 0x79, 0x00, 0x2e, 0x00, 0x74, 0x00, 0x73, 0x00, 0x41, 0x9c, 0x1e, 0x0b, 0x01, 0x6c, 
    0x00, 0x41, 0xa8, 0x1e, 0x0b, 0x55, 0x02, 0x00, 0x00, 0x00, 0x4e, 0x00, 0x00, 0x00, 0x7e, 0x00, 
    0x6c, 0x00, 0x69, 0x00, 0x62, 0x00, 0x2f, 0x00, 0x61, 0x00, 0x73, 0x00, 0x2d, 0x00, 0x62, 0x00, 
    0x69, 0x00, 0x67, 0x00, 0x6e, 0x00, 0x75, 0x00, 0x6d, 0x00, 0x2f, 0x00, 0x61, 0x00, 0x73, 0x00, 
    0x73, 0x00, 0x65, 0x00, 0x6d, 0x00, 0x62, 0x00, 0x6c, 0x00, 0x79, 0x00, 0x2f, 0x00, 0x69, 0x00, 
    0x6e, 0x00, 0x74, 0x00, 0x65, 0x00, 0x67, 0x00, 0x65, 0x00, 0x72, 0x00, 0x2f, 0x00, 0x75, 0x00, 
    0x32, 0x00, 0x35, 0x00, 0x36, 0x00, 0x2e, 0x00, 0x74, 0x00, 0x73, 0x00, 0x41, 0x8c, 0x1f, 0x0b, 
    0x01, 0x5c, 0x00, 0x41, 0x98, 0x1f, 0x0b, 0x51, 0x02, 0x00, 0x00, 0x00, 0x4a, 0x00, 0x00, 0x00, 
    0x61, 0x00, 0x6d, 0x00, 0x6f, 0x00, 0x75, 0x00, 0x6e, 0x00, 0x74, 0x00, 0x20, 0x00, 0x61, 0x00, 
    0x72, 0x00, 0x67, 0x00, 0x75, 0x00, 0x6d, 0x00, 0x65, 0x00, 0x6e, 0x00, 0x74, 0x00, 0x20, 0x00, 
    0x69, 0x00, 0x73, 0x00, 0x20, 0x00, 0x6d, 0x00, 0x69, 0x00, 0x73, 0x00, 0x73, 0x00, 0x69, 0x00, 
    0x6e, 0x00, 0x67, 0x00, 0x20, 0x00, 0x6f, 0x00, 0x72, 0x00, 0x20, 0x00, 0x69, 0x00, 0x6e, 0x00, 
    0x76, 0x00, 0x61, 0x00, 0x6c, 0x00, 0x69, 0x00, 0x64, 0x00, 0x41, 0xec, 0x1f, 0x0b, 0x1a, 0x1c, 
    0x00, 0x00, 0x00, 0x03, 0x00, 0x00, 0x00, 0x00, 0x00, 0x00, 0x00, 0x14, 0x00, 0x00, 0x00, 0x0c, 
    0x00, 0x00, 0x00, 0x00, 0x00, 0x00, 0x00, 0x20, 0x0e, 0x00, 0x41, 0x8c, 0x20, 0x0b, 0x01, 0x1c, 
    0x00, 0x41, 0x98, 0x20, 0x0b, 0x01, 0x05, 0x00, 0x41, 0xac, 0x20, 0x0b, 0x01, 0x6c, 0x00, 0x41, 
    0xb8, 0x20, 0x0b, 0x57, 0x02, 0x00, 0x00, 0x00, 0x50, 0x00, 0x00, 0x00, 0x52, 0x00, 0x65, 0x00, 
    0x71, 0x00, 0x75, 0x00, 0x65, 0x00, 0x73, 0x00, 0x74, 0x00, 0x65, 0x00, 0x64, 0x00, 0x20, 0x00, 
    0x6d, 0x00, 0x69, 0x00, 0x6e, 0x00, 0x74, 0x00, 0x20, 0x00, 0x61, 0x00, 0x6d, 0x00, 0x6f, 0x00, 
    0x75, 0x00, 0x6e, 0x00, 0x74, 0x00, 0x20, 0x00, 0x63, 0x00, 0x61, 0x00, 0x75, 0x00, 0x73, 0x00, 
    0x65, 0x00, 0x73, 0x00, 0x20, 0x00, 0x61, 0x00, 0x6e, 0x00, 0x20, 0x00, 0x6f, 0x00, 0x76, 0x00, 
    0x65, 0x00, 0x72, 0x00, 0x66, 0x00, 0x6c, 0x00, 0x6f, 0x00, 0x77, 0x00, 0x41, 0x9c, 0x21, 0x0b, 
    0x01, 0x7c, 0x00, 0x41, 0xa8, 0x21, 0x0b, 0x6b, 0x02, 0x00, 0x00, 0x00, 0x64, 0x00, 0x00, 0x00, 
    0x61, 0x00, 0x73, 0x00, 0x73, 0x00, 0x65, 0x00, 0x6d, 0x00, 0x62, 0x00, 0x6c, 0x00, 0x79, 0x00, 
    0x2f, 0x00, 0x63, 0x00, 0x6f, 0x00, 0x6e, 0x00, 0x74, 0x00, 0x72, 0x00, 0x61, 0x00, 0x63, 0x00, 
    0x74, 0x00, 0x73, 0x00, 0x2f, 0x00, 0x4d, 0x00, 0x52, 0x00, 0x43, 0x00, 0x32, 0x00, 0x30, 0x00, 
    0x2f, 0x00, 0x6d, 0x00, 0x69, 0x00, 0x6e, 0x00, 0x74, 0x00, 0x61, 0x00, 0x62, 0x00, 0x6c, 0x00, 
    0x65, 0x00, 0x2f, 0x00, 0x6d, 0x00, 0x69, 0x00, 0x6e, 0x00, 0x74, 0x00, 0x2d, 0x00, 0x69, 0x00, 
    0x6e, 0x00, 0x74, 0x00, 0x65, 0x00, 0x72, 0x00, 0x6e, 0x00, 0x61, 0x00, 0x6c, 0x00, 0x2e, 0x00, 
    0x74, 0x00, 0x73, 0x00, 0x41, 0x9c, 0x22, 0x0b, 0x01, 0x8c, 0x00, 0x41, 0xa8, 0x22, 0x0b, 0x75, 
    0x02, 0x00, 0x00, 0x00, 0x6e, 0x00, 0x00, 0x00, 0x63, 0x00, 0x61, 0x00, 0x6e, 0x00, 0x27, 0x00, 
    0x74, 0x00, 0x20, 0x00, 0x64, 0x00, 0x65, 0x00, 0x73, 0x00, 0x65, 0x00, 0x72, 0x00, 0x69, 0x00, 
    0x61, 0x00, 0x6c, 0x00, 0x69, 0x00, 0x7a, 0x00, 0x65, 0x00, 0x20, 0x00, 0x75, 0x00, 0x36, 0x00, 
    0x34, 0x00, 0x20, 0x00, 0x66, 0x00, 0x72, 0x00, 0x6f, 0x00, 0x6d, 0x00, 0x20, 0x00, 0x67, 0x00, 
    0x69, 0x00, 0x76, 0x00, 0x65, 0x00, 0x6e, 0x00, 0x20, 0x00, 0x61, 0x00, 0x72, 0x00, 0x67, 0x00, 
    0x75, 0x00, 0x6d, 0x00, 0x65, 0x00, 0x6e, 0x00, 0x74, 0x00, 0x3a, 0x00, 0x20, 0x00, 0x6f, 0x00, 
    0x75, 0x00, 0x74, 0x00, 0x20, 0x00, 0x6f, 0x00, 0x66, 0x00, 0x20, 0x00, 0x72, 0x00, 0x61, 0x00, 
    0x6e, 0x00, 0x67, 0x00, 0x65, 0x00, 0x41, 0xac, 0x23, 0x0b, 0x01, 0x3c, 0x00, 0x41, 0xb8, 0x23, 
    0x0b, 0x29, 0x02, 0x00, 0x00, 0x00, 0x22, 0x00, 0x00, 0x00, 0x61, 0x00, 0x6d, 0x00, 0x6f, 0x00, 
    0x75, 0x00, 0x6e, 0x00, 0x74, 0x00, 0x20, 0x00, 0x69, 0x00, 0x73, 0x00, 0x20, 0x00, 0x6d, 0x00, 
    0x69, 0x00, 0x73, 0x00, 0x73, 0x00, 0x69, 0x00, 0x6e, 0x00, 0x67, 0x00, 0x41, 0xec, 0x23, 0x0b, 
    0x1a, 0x1c, 0x00, 0x00, 0x00, 0x03, 0x00, 0x00, 0x00, 0x00, 0x00, 0x00, 0x00, 0x14, 0x00, 0x00, 
    0x00, 0x0c, 0x00, 0x00, 0x00, 0x00, 0x00, 0x00, 0x00, 0x20, 0x0e, 0x00, 0x41, 0x8c, 0x24, 0x0b, 
    0x01, 0x3c, 0x00, 0x41, 0x98, 0x24, 0x0b, 0x2f, 0x02, 0x00, 0x00, 0x00, 0x28, 0x00, 0x00, 0x00, 
    0x72, 0x00, 0x65, 0x00, 0x63, 0x00, 0x69, 0x00, 0x70, 0x00, 0x69, 0x00, 0x65, 0x00, 0x6e, 0x00, 
    0x74, 0x00, 0x20, 0x00, 0x69, 0x00, 0x73, 0x00, 0x20, 0x00, 0x6d, 0x00, 0x69, 0x00, 0x73, 0x00, 
    0x73, 0x00, 0x69, 0x00, 0x6e, 0x00, 0x67, 0x00, 0x41, 0xcc, 0x24, 0x0b, 0x1a, 0x1c, 0x00, 0x00, 
    0x00, 0x03, 0x00, 0x00, 0x00, 0x00, 0x00, 0x00, 0x00, 0x14, 0x00, 0x00, 0x00, 0x0c, 0x00, 0x00, 
    0x00, 0x00, 0x00, 0x00, 0x00, 0x20, 0x0e, 0x00, 0x41, 0xec, 0x24, 0x0b, 0x1a, 0x1c, 0x00, 0x00, 
    0x00, 0x03, 0x00, 0x00, 0x00, 0x00, 0x00, 0x00, 0x00, 0x14, 0x00, 0x00, 0x00, 0x0c, 0x00, 0x00, 
    0x00, 0x00, 0x00, 0x00, 0x00, 0x20, 0x0e, 0x00, 0x41, 0x8c, 0x25, 0x0b, 0x01, 0x1c, 0x00, 0x41, 
    0x98, 0x25, 0x0b, 0x01, 0x05, 0x00, 0x41, 0xac, 0x25, 0x0b, 0x01, 0x8c, 0x00, 0x41, 0xb8, 0x25, 
    0x0b, 0x81, 0x01, 0x02, 0x00, 0x00, 0x00, 0x7a, 0x00, 0x00, 0x00, 0x52, 0x00, 0x65, 0x00, 0x71, 
    0x00, 0x75, 0x00, 0x65, 0x00, 0x73, 0x00, 0x74, 0x00, 0x65, 0x00, 0x64, 0x00, 0x20, 0x00, 0x62, 
    0x00, 0x75, 0x00, 0x72, 0x00, 0x6e, 0x00, 0x20, 0x00, 0x61, 0x00, 0x6d, 0x00, 0x6f, 0x00, 0x75, 
    0x00, 0x6e, 0x00, 0x74, 0x00, 0x20, 0x00, 0x63, 0x00, 0x61, 0x00, 0x75, 0x00, 0x73, 0x00, 0x65, 
    0x00, 0x73, 0x00, 0x20, 0x00, 0x61, 0x00, 0x6e, 0x00, 0x20, 0x00, 0x75, 0x00, 0x6e, 0x00, 0x64, 
    0x00, 0x65, 0x00, 0x72, 0x00, 0x66, 0x00, 0x6c, 0x00, 0x6f, 0x00, 0x77, 0x00, 0x20, 0x00, 0x6f, 
    0x00, 0x66, 0x00, 0x20, 0x00, 0x74, 0x00, 0x68, 0x00, 0x65, 0x00, 0x20, 0x00, 0x74, 0x00, 0x6f, 
    0x00, 0x74, 0x00, 0x61, 0x00, 0x6c, 0x00, 0x20, 0x00, 0x73, 0x00, 0x75, 0x00, 0x70, 0x00, 0x70, 
    0x00, 0x6c, 0x00, 0x79, 0x00, 0x41, 0xbc, 0x26, 0x0b, 0x01, 0x7c, 0x00, 0x41, 0xc8, 0x26, 0x0b, 
    0x6b, 0x02, 0x00, 0x00, 0x00, 0x64, 0x00, 0x00, 0x00, 0x61, 0x00, 0x73, 0x00, 0x73, 0x00, 0x65, 
    0x00, 0x6d, 0x00, 0x62, 0x00, 0x6c, 0x00, 0x79, 0x00, 0x2f, 0x00, 0x63, 0x00, 0x6f, 0x00, 0x6e, 
    0x00, 0x74, 0x00, 0x72, 0x00, 0x61, 0x00, 0x63, 0x00, 0x74, 0x00, 0x73, 0x00, 0x2f, 0x00, 0x4d, 
    0x00, 0x52, 0x00, 0x43, 0x00, 0x32, 0x00, 0x30, 0x00, 0x2f, 0x00, 0x62, 0x00, 0x75, 0x00, 0x72, 
    0x00, 0x6e, 0x00, 0x61, 0x00, 0x62, 0x00, 0x6c, 0x00, 0x65, 0x00, 0x2f, 0x00, 0x62, 0x00, 0x75, 
    0x00, 0x72, 0x00, 0x6e, 0x00, 0x2d, 0x00, 0x69, 0x00, 0x6e, 0x00, 0x74, 0x00, 0x65, 0x00, 0x72, 
    0x00, 0x6e, 0x00, 0x61, 0x00, 0x6c, 0x00, 0x2e, 0x00, 0x74, 0x00, 0x73, 0x00, 0x41, 0xbc, 0x27, 
    0x0b, 0x01, 0x9c, 0x00, 0x41, 0xc8, 0x27, 0x0b, 0x8b, 0x01, 0x02, 0x00, 0x00, 0x00, 0x84, 0x00, 
    0x00, 0x00, 0x52, 0x00, 0x65, 0x00, 0x71, 0x00, 0x75, 0x00, 0x65, 0x00, 0x73, 0x00, 0x74, 0x00, 
    0x65, 0x00, 0x64, 0x00, 0x20, 0x00, 0x62, 0x00, 0x75, 0x00, 0x72, 0x00, 0x6e, 0x00, 0x20, 0x00, 
    0x61, 0x00, 0x6d, 0x00, 0x6f, 0x00, 0x75, 0x00, 0x6e, 0x00, 0x74, 0x00, 0x20, 0x00, 0x63, 0x00, 
    0x61, 0x00, 0x75, 0x00, 0x73, 0x00, 0x65, 0x00, 0x73, 0x00, 0x20, 0x00, 0x61, 0x00, 0x6e, 0x00, 
    0x20, 0x00, 0x75, 0x00, 0x6e, 0x00, 0x64, 0x00, 0x65, 0x00, 0x72, 0x00, 0x66, 0x00, 0x6c, 0x00, 
    0x6f, 0x00, 0x77, 0x00, 0x20, 0x00, 0x6f, 0x00, 0x66, 0x00, 0x20, 0x00, 0x74, 0x00, 0x68, 0x00, 
    0x65, 0x00, 0x20, 0x00, 0x72, 0x00, 0x65, 0x00, 0x63, 0x00, 0x69, 0x00, 0x70, 0x00, 0x69, 0x00, 
    0x65, 0x00, 0x6e, 0x00, 0x74, 0x00, 0x20, 0x00, 0x62, 0x00, 0x61, 0x00, 0x6c, 0x00, 0x61, 0x00, 
    0x6e, 0x00, 0x63, 0x00, 0x65, 0x00, 0x41, 0xdc, 0x28, 0x0b, 0x01, 0x4c, 0x00, 0x41, 0xe8, 0x28, 
    0x0b, 0x43, 0x02, 0x00, 0x00, 0x00, 0x3c, 0x00, 0x00, 0x00, 0x49, 0x00, 0x4e, 0x00, 0x53, 0x00, 
    0x55, 0x00, 0x46, 0x00, 0x46, 0x00, 0x49, 0x00, 0x43, 0x00, 0x49, 0x00, 0x45, 0x00, 0x4e, 0x00, 
    0x54, 0x00, 0x5f, 0x00, 0x43, 0x00, 0x4f, 0x00, 0x49, 0x00, 0x4e, 0x00, 0x53, 0x00, 0x5f, 0x00, 
    0x54, 0x00, 0x52, 0x00, 0x41, 0x00, 0x4e, 0x00, 0x53, 0x00, 0x46, 0x00, 0x45, 0x00, 0x52, 0x00, 
    0x52, 0x00, 0x45, 0x00, 0x44, 0x00, 0x41, 0xac, 0x29, 0x0b, 0x01, 0x9c, 0x00, 0x41, 0xb8, 0x29, 
    0x0b, 0x8b, 0x01, 0x02, 0x00, 0x00, 0x00, 0x84, 0x00, 0x00, 0x00, 0x7e, 0x00, 0x6c, 0x00, 0x69, 
    0x00, 0x62, 0x00, 0x2f, 0x00, 0x40, 0x00, 0x6d, 0x00, 0x61, 0x00, 0x73, 0x00, 0x73, 0x00, 0x61, 
    0x00, 0x6c, 0x00, 0x61, 0x00, 0x62, 0x00, 0x73, 0x00, 0x2f, 0x00, 0x6d, 0x00, 0x61, 0x00, 0x73, 
    0x00, 0x73, 0x00, 0x61, 0x00, 0x2d, 0x00, 0x61, 0x00, 0x73, 0x00, 0x2d, 0x00, 0x73, 0x00, 0x64, 
    0x00, 0x6b, 0x00, 0x2f, 0x00, 0x61, 0x00, 0x73, 0x00, 0x73, 0x00, 0x65, 0x00, 0x6d, 0x00, 0x62, 
    0x00, 0x6c, 0x00, 0x79, 0x00, 0x2f, 0x00, 0x68, 0x00, 0x65, 0x00, 0x6c, 0x00, 0x70, 0x00, 0x65, 
    0x00, 0x72, 0x00, 0x73, 0x00, 0x2f, 0x00, 0x74, 0x00, 0x72, 0x00, 0x61, 0x00, 0x6e, 0x00, 0x73, 
    0x00, 0x66, 0x00, 0x65, 0x00, 0x72, 0x00, 0x52, 0x00, 0x65, 0x00, 0x6d, 0x00, 0x61, 0x00, 0x69, 
    0x00, 0x6e, 0x00, 0x69, 0x00, 0x6e, 0x00, 0x67, 0x00, 0x2e, 0x00, 0x74, 0x00, 0x73, 0x00, 0x41, 
    0xcc, 0x2a, 0x0b, 0x01, 0x4c, 0x00, 0x41, 0xd8, 0x2a, 0x0b, 0x43, 0x02, 0x00, 0x00, 0x00, 0x3c, 
    0x00, 0x00, 0x00, 0x53, 0x00, 0x61, 0x00, 0x66, 0x00, 0x65, 0x00, 0x4d, 0x00, 0x61, 0x00, 0x74, 
    0x00, 0x68, 0x00, 0x3a, 0x00, 0x20, 0x00, 0x73, 0x00, 0x75, 0x00, 0x62, 0x00, 0x74, 0x00, 0x72, 
    0x00, 0x61, 0x00, 0x63, 0x00, 0x74, 0x00, 0x69, 0x00, 0x6f, 0x00, 0x6e, 0x00, 0x20, 0x00, 0x6f, 
    0x00, 0x76, 0x00, 0x65, 0x00, 0x72, 0x00, 0x66, 0x00, 0x6c, 0x00, 0x6f, 0x00, 0x77, 0x00, 0x41, 
    0x9c, 0x2b, 0x0b, 0x01, 0x6c, 0x00, 0x41, 0xa8, 0x2b, 0x0b, 0x61, 0x02, 0x00, 0x00, 0x00, 0x5a, 
    0x00, 0x00, 0x00, 0x7e, 0x00, 0x6c, 0x00, 0x69, 0x00, 0x62, 0x00, 0x2f, 0x00, 0x40, 0x00, 0x6d, 
    0x00, 0x61, 0x00, 0x73, 0x00, 0x73, 0x00, 0x61, 0x00, 0x6c, 0x00, 0x61, 0x00, 0x62, 0x00, 0x73, 
    0x00, 0x2f, 0x00, 0x61, 0x00, 0x73, 0x00, 0x2d, 0x00, 0x74, 0x00, 0x79, 0x00, 0x70, 0x00, 0x65, 
    0x00, 0x73, 0x00, 0x2f, 0x00, 0x61, 0x00, 0x73, 0x00, 0x73, 0x00, 0x65, 0x00, 0x6d, 0x00, 0x62, 
    0x00, 0x6c, 0x00, 0x79, 0x00, 0x2f, 0x00, 0x73, 0x00, 0x61, 0x00, 0x66, 0x00, 0x65, 0x00, 0x4d, 
    0x00, 0x61, 0x00, 0x74, 0x00, 0x68, 0x00, 0x2e, 0x00, 0x74, 0x00, 0x73, 0x00, 0x41, 0x8c, 0x2c, 
    0x0b, 0x01, 0x4c, 0x00, 0x41, 0x98, 0x2c, 0x0b, 0x3d, 0x02, 0x00, 0x00, 0x00, 0x36, 0x00, 0x00, 
    0x00, 0x53, 0x00, 0x61, 0x00, 0x66, 0x00, 0x65, 0x00, 0x4d, 0x00, 0x61, 0x00, 0x74, 0x00, 0x68, 
    0x00, 0x3a, 0x00, 0x20, 0x00, 0x61, 0x00, 0x64, 0x00, 0x64, 0x00, 0x69, 0x00, 0x74, 0x00, 0x69, 
    0x00, 0x6f, 0x00, 0x6e, 0x00, 0x20, 0x00, 0x6f, 0x00, 0x76, 0x00, 0x65, 0x00, 0x72, 0x00, 0x66, 
    0x00, 0x6c, 0x00, 0x6f, 0x00, 0x77, 0x00, 0x41, 0xdc, 0x2c, 0x0b, 0x01, 0x4c, 0x00, 0x41, 0xe8, 
    0x2c, 0x0b, 0x3b, 0x02, 0x00, 0x00, 0x00, 0x34, 0x00, 0x00, 0x00, 0x53, 0x00, 0x50, 0x00, 0x45, 
    0x00, 0x4e, 0x00, 0x54, 0x00, 0x5f, 0x00, 0x4d, 0x00, 0x4f, 0x00, 0x52, 0x00, 0x45, 0x00, 0x5f, 
    0x00, 0x43, 0x00, 0x4f, 0x00, 0x49, 0x00, 0x4e, 0x00, 0x53, 0x00, 0x5f, 0x00, 0x54, 0x00, 0x48, 
    0x00, 0x41, 0x00, 0x4e, 0x00, 0x5f, 0x00, 0x53, 0x00, 0x45, 0x00, 0x4e, 0x00, 0x54, 0x00, 0x41, 
    0xac, 0x2d, 0x0b, 0x01, 0x5c, 0x00, 0x41, 0xb8, 0x2d, 0x0b, 0x49, 0x02, 0x00, 0x00, 0x00, 0x42, 
    0x00, 0x00, 0x00, 0x61, 0x00, 0x73, 0x00, 0x73, 0x00, 0x65, 0x00, 0x6d, 0x00, 0x62, 0x00, 0x6c, 
    0x00, 0x79, 0x00, 0x2f, 0x00, 0x63, 0x00, 0x6f, 0x00, 0x6e, 0x00, 0x74, 0x00, 0x72, 0x00, 0x61, 
    0x00, 0x63, 0x00, 0x74, 0x00, 0x73, 0x00, 0x2f, 0x00, 0x4d, 0x00, 0x52, 0x00, 0x43, 0x00, 0x32, 
    0x00, 0x30, 0x00, 0x2f, 0x00, 0x4d, 0x00, 0x52, 0x00, 0x43, 0x00, 0x32, 0x00, 0x30, 0x00, 0x2e, 
    0x00, 0x74, 0x00, 0x73, 0x00, 0x41, 0x8c, 0x2e, 0x0b, 0x01, 0x6c, 0x00, 0x41, 0x98, 0x2e, 0x0b, 
    0x63, 0x02, 0x00, 0x00, 0x00, 0x5c, 0x00, 0x00, 0x00, 0x6e, 0x00, 0x65, 0x00, 0x77, 0x00, 0x4f, 
    0x00, 0x77, 0x00, 0x6e, 0x00, 0x65, 0x00, 0x72, 0x00, 0x41, 0x00, 0x64, 0x00, 0x64, 0x00, 0x72, 
    0x00, 0x65, 0x00, 0x73, 0x00, 0x73, 0x00, 0x20, 0x00, 0x61, 0x00, 0x72, 0x00, 0x67, 0x00, 0x75, 
    0x00, 0x6d, 0x00, 0x65, 0x00, 0x6e, 0x00, 0x74, 0x00, 0x20, 0x00, 0x69, 0x00, 0x73, 0x00, 0x20, 
    0x00, 0x6d, 0x00, 0x69, 0x00, 0x73, 0x00, 0x73, 0x00, 0x69, 0x00, 0x6e, 0x00, 0x67, 0x00, 0x20, 
    0x00, 0x6f, 0x00, 0x72, 0x00, 0x20, 0x00, 0x69, 0x00, 0x6e, 0x00, 0x76, 0x00, 0x61, 0x00, 0x6c, 
    0x00, 0x69, 0x00, 0x64, 0x00, 0x41, 0xfc, 0x2e, 0x0b, 0x1a, 0x1c, 0x00, 0x00, 0x00, 0x03, 0x00, 
    0x00, 0x00, 0x00, 0x00, 0x00, 0x00, 0x14, 0x00, 0x00, 0x00, 0x0c, 0x00, 0x00, 0x00, 0x00, 0x00, 
    0x00, 0x00, 0x20, 0x0e, 0x00, 0x41, 0x9c, 0x2f, 0x0b, 0x01, 0x3c, 0x00, 0x41, 0xa8, 0x2f, 0x0b, 
    0x27, 0x02, 0x00, 0x00, 0x00, 0x20, 0x00, 0x00, 0x00, 0x4f, 0x00, 0x77, 0x00, 0x6e, 0x00, 0x65, 
    0x00, 0x72, 0x00, 0x20, 0x00, 0x69, 0x00, 0x73, 0x00, 0x20, 0x00, 0x6e, 0x00, 0x6f, 0x00, 0x74, 
    0x00, 0x20, 0x00, 0x73, 0x00, 0x65, 0x00, 0x74, 0x00, 0x41, 0xdc, 0x2f, 0x0b, 0x01, 0x6c, 0x00, 
    0x41, 0xe8, 0x2f, 0x0b, 0x63, 0x02, 0x00, 0x00, 0x00, 0x5c, 0x00, 0x00, 0x00, 0x61, 0x00, 0x73, 
    0x00, 0x73, 0x00, 0x65, 0x00, 0x6d, 0x00, 0x62, 0x00, 0x6c, 0x00, 0x79, 0x00, 0x2f, 0x00, 0x63, 
    0x00, 0x6f, 0x00, 0x6e, 0x00, 0x74, 0x00, 0x72, 0x00, 0x61, 0x00, 0x63, 0x00, 0x74, 0x00, 0x73, 
    0x00, 0x2f, 0x00, 0x75, 0x00, 0x74, 0x00, 0x69, 0x00, 0x6c, 0x00, 0x73, 0x00, 0x2f, 0x00, 0x6f, 
    0x00, 0x77, 0x00, 0x6e, 0x00, 0x65, 0x00, 0x72, 0x00, 0x73, 0x00, 0x68, 0x00, 0x69, 0x00, 0x70, 
    0x00, 0x2d, 0x00, 0x69, 0x00, 0x6e, 0x00, 0x74, 0x00, 0x65, 0x00, 0x72, 0x00, 0x6e, 0x00, 0x61, 
    0x00, 0x6c, 0x00, 0x2e, 0x00, 0x74, 0x00, 0x73, 0x00, 0x41, 0xcc, 0x30, 0x0b, 0x01, 0x4c, 0x00, 
    0x41, 0xd8, 0x30, 0x0b, 0x35, 0x02, 0x00, 0x00, 0x00, 0x2e, 0x00, 0x00, 0x00, 0x43, 0x00, 0x61, 
    0x00, 0x6c, 0x00, 0x6c, 0x00, 0x65, 0x00, 0x72, 0x00, 0x20, 0x00, 0x69, 0x00, 0x73, 0x00, 0x20, 
    0x00, 0x6e, 0x00, 0x6f, 0x00, 0x74, 0x00, 0x20, 0x00, 0x74, 0x00, 0x68, 0x00, 0x65, 0x00, 0x20, 
    0x00, 0x6f, 0x00, 0x77, 0x00, 0x6e, 0x00, 0x65, 0x00, 0x72, 0x00, 0x41, 0x9c, 0x31, 0x0b, 0x01, 
    0x1c, 0x00, 0x41, 0xa8, 0x31, 0x0b, 0x09, 0x02, 0x00, 0x00, 0x00, 0x02, 0x00, 0x00, 0x00, 0x3a, 
    0x00, 0x41, 0xbc, 0x31, 0x0b, 0x01, 0x5c, 0x00, 0x41, 0xc8, 0x31, 0x0b, 0x53, 0x02, 0x00, 0x00, 
    0x00, 0x4c, 0x00, 0x00, 0x00, 0x41, 0x00, 0x64, 0x00, 0x64, 0x00, 0x72, 0x00, 0x65, 0x00, 0x73, 
    0x00, 0x73, 0x00, 0x20, 0x00, 0x61, 0x00, 0x72, 0x00, 0x67, 0x00, 0x75, 0x00, 0x6d, 0x00, 0x65, 
    0x00, 0x6e, 0x00, 0x74, 0x00, 0x20, 0x00, 0x69, 0x00, 0x73, 0x00, 0x20, 0x00, 0x6d, 0x00, 0x69, 
    0x00, 0x73, 0x00, 0x73, 0x00, 0x69, 0x00, 0x6e, 0x00, 0x67, 0x00, 0x20, 0x00, 0x6f, 0x00, 0x72, 
    0x00, 0x20, 0x00, 0x69, 0x00, 0x6e, 0x00, 0x76, 0x00, 0x61, 0x00, 0x6c, 0x00, 0x69, 0x00, 0x64, 
    0x00, 0x41, 0x9c, 0x32, 0x0b, 0x1a, 0x1c, 0x00, 0x00, 0x00, 0x03, 0x00, 0x00, 0x00, 0x00, 0x00, 
    0x00, 0x00, 0x14, 0x00, 0x00, 0x00, 0x0c, 0x00, 0x00, 0x00, 0x00, 0x00, 0x00, 0x00, 0x20, 0x0e, 
    0x00, 0x41, 0xbc, 0x32, 0x0b, 0x01, 0x6c, 0x00, 0x41, 0xc8, 0x32, 0x0b, 0x63, 0x02, 0x00, 0x00, 
    0x00, 0x5c, 0x00, 0x00, 0x00, 0x72, 0x00, 0x65, 0x00, 0x63, 0x00, 0x65, 0x00, 0x69, 0x00, 0x76, 
    0x00, 0x65, 0x00, 0x72, 0x00, 0x41, 0x00, 0x64, 0x00, 0x64, 0x00, 0x72, 0x00, 0x65, 0x00, 0x73, 
    0x00, 0x73, 0x00, 0x20, 0x00, 0x61, 0x00, 0x72, 0x00, 0x67, 0x00, 0x75, 0x00, 0x6d, 0x00, 0x65, 
    0x00, 0x6e, 0x00, 0x74, 0x00, 0x20, 0x00, 0x69, 0x00, 0x73, 0x00, 0x20, 0x00, 0x6d, 0x00, 0x69, 
    0x00, 0x73, 0x00, 0x73, 0x00, 0x69, 0x00, 0x6e, 0x00, 0x67, 0x00, 0x20, 0x00, 0x6f, 0x00, 0x72, 
    0x00, 0x20, 0x00, 0x69, 0x00, 0x6e, 0x00, 0x76, 0x00, 0x61, 0x00, 0x6c, 0x00, 0x69, 0x00, 0x64, 
    0x00, 0x41, 0xac, 0x33, 0x0b, 0x1a, 0x1c, 0x00, 0x00, 0x00, 0x03, 0x00, 0x00, 0x00, 0x00, 0x00, 
    0x00, 0x00, 0x14, 0x00, 0x00, 0x00, 0x0c, 0x00, 0x00, 0x00, 0x00, 0x00, 0x00, 0x00, 0x20, 0x0e, 
    0x00, 0x41, 0xcc, 0x33, 0x0b, 0x1a, 0x1c, 0x00, 0x00, 0x00, 0x03, 0x00, 0x00, 0x00, 0x00, 0x00, 
    0x00, 0x00, 0x14, 0x00, 0x00, 0x00, 0x0c, 0x00, 0x00, 0x00, 0x00, 0x00, 0x00, 0x00, 0x20, 0x0e, 
    0x00, 0x41, 0xec, 0x33, 0x0b, 0x01, 0x5c, 0x00, 0x41, 0xf8, 0x33, 0x0b, 0x4d, 0x02, 0x00, 0x00, 
    0x00, 0x46, 0x00, 0x00, 0x00, 0x54, 0x00, 0x72, 0x00, 0x61, 0x00, 0x6e, 0x00, 0x73, 0x00, 0x66, 
    0x00, 0x65, 0x00, 0x72, 0x00, 0x20, 0x00, 0x66, 0x00, 0x61, 0x00, 0x69, 0x00, 0x6c, 0x00, 0x65, 
    0x00, 0x64, 0x00, 0x3a, 0x00, 0x20, 0x00, 0x69, 0x00, 0x6e, 0x00, 0x73, 0x00, 0x75, 0x00, 0x66, 
    0x00, 0x66, 0x00, 0x69, 0x00, 0x63, 0x00, 0x69, 0x00, 0x65, 0x00, 0x6e, 0x00, 0x74, 0x00, 0x20, 
    0x00, 0x66, 0x00, 0x75, 0x00, 0x6e, 0x00, 0x64, 0x00, 0x73, 0x00, 0x41, 0xcc, 0x34, 0x0b, 0x01, 
    0x6c, 0x00, 0x41, 0xd8, 0x34, 0x0b, 0x5d, 0x02, 0x00, 0x00, 0x00, 0x56, 0x00, 0x00, 0x00, 0x61, 
    0x00, 0x73, 0x00, 0x73, 0x00, 0x65, 0x00, 0x6d, 0x00, 0x62, 0x00, 0x6c, 0x00, 0x79, 0x00, 0x2f, 
    0x00, 0x63, 0x00, 0x6f, 0x00, 0x6e, 0x00, 0x74, 0x00, 0x72, 0x00, 0x61, 0x00, 0x63, 0x00, 0x74, 
    0x00, 0x73, 0x00, 0x2f, 0x00, 0x4d, 0x00, 0x52, 0x00, 0x43, 0x00, 0x32, 0x00, 0x30, 0x00, 0x2f, 
    0x00, 0x4d, 0x00, 0x52, 0x00, 0x43, 0x00, 0x32, 0x00, 0x30, 0x00, 0x2d, 0x00, 0x69, 0x00, 0x6e, 
    0x00, 0x74, 0x00, 0x65, 0x00, 0x72, 0x00, 0x6e, 0x00, 0x61, 0x00, 0x6c, 0x00, 0x73, 0x00, 0x2e, 
    0x00, 0x74, 0x00, 0x73, 0x00, 0x41, 0xbc, 0x35, 0x0b, 0x01, 0x4c, 0x00, 0x41, 0xc8, 0x35, 0x0b, 
    0x39, 0x02, 0x00, 0x00, 0x00, 0x32, 0x00, 0x00, 0x00, 0x54, 0x00, 0x72, 0x00, 0x61, 0x00, 0x6e, 
    0x00, 0x73, 0x00, 0x66, 0x00, 0x65, 0x00, 0x72, 0x00, 0x20, 0x00, 0x66, 0x00, 0x61, 0x00, 0x69, 
    0x00, 0x6c, 0x00, 0x65, 0x00, 0x64, 0x00, 0x3a, 0x00, 0x20, 0x00, 0x6f, 0x00, 0x76, 0x00, 0x65, 
    0x00, 0x72, 0x00, 0x66, 0x00, 0x6c, 0x00, 0x6f, 0x00, 0x77, 0x00, 0x41, 0x8c, 0x36, 0x0b, 0x01, 
    0x5c, 0x00, 0x41, 0x98, 0x36, 0x0b, 0x4f, 0x02, 0x00, 0x00, 0x00, 0x48, 0x00, 0x00, 0x00, 0x6f, 
    0x00, 0x77, 0x00, 0x6e, 0x00, 0x65, 0x00, 0x72, 0x00, 0x20, 0x00, 0x61, 0x00, 0x72, 0x00, 0x67, 
    0x00, 0x75, 0x00, 0x6d, 0x00, 0x65, 0x00, 0x6e, 0x00, 0x74, 0x00, 0x20, 0x00, 0x69, 0x00, 0x73, 
    0x00, 0x20, 0x00, 0x6d, 0x00, 0x69, 0x00, 0x73, 0x00, 0x73, 0x00, 0x69, 0x00, 0x6e, 0x00, 0x67, 
    0x00, 0x20, 0x00, 0x6f, 0x00, 0x72, 0x00, 0x20, 0x00, 0x69, 0x00, 0x6e, 0x00, 0x76, 0x00, 0x61, 
    0x00, 0x6c, 0x00, 0x69, 0x00, 0x64, 0x00, 0x41, 0xec, 0x36, 0x0b, 0x1a, 0x1c, 0x00, 0x00, 0x00, 
    0x03, 0x00, 0x00, 0x00, 0x00, 0x00, 0x00, 0x00, 0x14, 0x00, 0x00, 0x00, 0x0c, 0x00, 0x00, 0x00, 
    0x00, 0x00, 0x00, 0x00, 0x20, 0x0e, 0x00, 0x41, 0x8c, 0x37, 0x0b, 0x01, 0x6c, 0x00, 0x41, 0x98, 
    0x37, 0x0b, 0x61, 0x02, 0x00, 0x00, 0x00, 0x5a, 0x00, 0x00, 0x00, 0x73, 0x00, 0x70, 0x00, 0x65, 
    0x00, 0x6e, 0x00, 0x64, 0x00, 0x65, 0x00, 0x72, 0x00, 0x41, 0x00, 0x64, 0x00, 0x64, 0x00, 0x72, 
    0x00, 0x65, 0x00, 0x73, 0x00, 0x73, 0x00, 0x20, 0x00, 0x61, 0x00, 0x72, 0x00, 0x67, 0x00, 0x75, 
    0x00, 0x6d, 0x00, 0x65, 0x00, 0x6e, 0x00, 0x74, 0x00, 0x20, 0x00, 0x69, 0x00, 0x73, 0x00, 0x20, 
    0x00, 0x6d, 0x00, 0x69, 0x00, 0x73, 0x00, 0x73, 0x00, 0x69, 0x00, 0x6e, 0x00, 0x67, 0x00, 0x20, 
    0x00, 0x6f, 0x00, 0x72, 0x00, 0x20, 0x00, 0x69, 0x00, 0x6e, 0x00, 0x76, 0x00, 0x61, 0x00, 0x6c, 
    0x00, 0x69, 0x00, 0x64, 0x00, 0x41, 0xfc, 0x37, 0x0b, 0x1a, 0x1c, 0x00, 0x00, 0x00, 0x03, 0x00, 
    0x00, 0x00, 0x00, 0x00, 0x00, 0x00, 0x14, 0x00, 0x00, 0x00, 0x0c, 0x00, 0x00, 0x00, 0x00, 0x00, 
    0x00, 0x00, 0x20, 0x0e, 0x00, 0x41, 0x9c, 0x38, 0x0b, 0x1a, 0x1c, 0x00, 0x00, 0x00, 0x03, 0x00, 
    0x00, 0x00, 0x00, 0x00, 0x00, 0x00, 0x14, 0x00, 0x00, 0x00, 0x0c, 0x00, 0x00, 0x00, 0x00, 0x00, 
    0x00, 0x00, 0x20, 0x0e, 0x00, 0x41, 0xbc, 0x38, 0x0b, 0x1a, 0x1c, 0x00, 0x00, 0x00, 0x03, 0x00, 
    0x00, 0x00, 0x00, 0x00, 0x00, 0x00, 0x14, 0x00, 0x00, 0x00, 0x0c, 0x00, 0x00, 0x00, 0x00, 0x00, 
    0x00, 0x00, 0x20, 0x0e, 0x00, 0x41, 0xdc, 0x38, 0x0b, 0x1a, 0x1c, 0x00, 0x00, 0x00, 0x03, 0x00, 
    0x00, 0x00, 0x00, 0x00, 0x00, 0x00, 0x14, 0x00, 0x00, 0x00, 0x0c, 0x00, 0x00, 0x00, 0x00, 0x00, 
    0x00, 0x00, 0x20, 0x0e, 0x00, 0x41, 0xfc, 0x38, 0x0b, 0x1a, 0x1c, 0x00, 0x00, 0x00, 0x03, 0x00, 
    0x00, 0x00, 0x00, 0x00, 0x00, 0x00, 0x14, 0x00, 0x00, 0x00, 0x0c, 0x00, 0x00, 0x00, 0x00, 0x00, 
    0x00, 0x00, 0x20, 0x0e, 0x00, 0x41, 0x9c, 0x39, 0x0b, 0x01, 0x6c, 0x00, 0x41, 0xa8, 0x39, 0x0b, 
    0x5d, 0x02, 0x00, 0x00, 0x00, 0x56, 0x00, 0x00, 0x00, 0x6f, 0x00, 0x77, 0x00, 0x6e, 0x00, 0x65, 
    0x00, 0x72, 0x00, 0x41, 0x00, 0x64, 0x00, 0x64, 0x00, 0x72, 0x00, 0x65, 0x00, 0x73, 0x00, 0x73, 
    0x00, 0x20, 0x00, 0x61, 0x00, 0x72, 0x00, 0x67, 0x00, 0x75, 0x00, 0x6d, 0x00, 0x65, 0x00, 0x6e, 
    0x00, 0x74, 0x00, 0x20, 0x00, 0x69, 0x00, 0x73, 0x00, 0x20, 0x00, 0x6d, 0x00, 0x69, 0x00, 0x73, 
    0x00, 0x73, 0x00, 0x69, 0x00, 0x6e, 0x00, 0x67, 0x00, 0x20, 0x00, 0x6f, 0x00, 0x72, 0x00, 0x20, 
    0x00, 0x69, 0x00, 0x6e, 0x00, 0x76, 0x00, 0x61, 0x00, 0x6c, 0x00, 0x69, 0x00, 0x64, 0x00, 0x41, 
    0x8c, 0x3a, 0x0b, 0x1a, 0x1c, 0x00, 0x00, 0x00, 0x03, 0x00, 0x00, 0x00, 0x00, 0x00, 0x00, 0x00, 
    0x14, 0x00, 0x00, 0x00, 0x0c, 0x00, 0x00, 0x00, 0x00, 0x00, 0x00, 0x00, 0x20, 0x0e, 0x00, 0x41, 
    0xac, 0x3a, 0x0b, 0x01, 0x7c, 0x00, 0x41, 0xb8, 0x3a, 0x0b, 0x65, 0x02, 0x00, 0x00, 0x00, 0x5e, 
    0x00, 0x00, 0x00, 0x72, 0x00, 0x65, 0x00, 0x63, 0x00, 0x69, 0x00, 0x70, 0x00, 0x69, 0x00, 0x65, 
    0x00, 0x6e, 0x00, 0x74, 0x00, 0x41, 0x00, 0x64, 0x00, 0x64, 0x00, 0x72, 0x00, 0x65, 0x00, 0x73, 
    0x00, 0x73, 0x00, 0x20, 0x00, 0x61, 0x00, 0x72, 0x00, 0x67, 0x00, 0x75, 0x00, 0x6d, 0x00, 0x65, 
    0x00, 0x6e, 0x00, 0x74, 0x00, 0x20, 0x00, 0x69, 0x00, 0x73, 0x00, 0x20, 0x00, 0x6d, 0x00, 0x69, 
    0x00, 0x73, 0x00, 0x73, 0x00, 0x69, 0x00, 0x6e, 0x00, 0x67, 0x00, 0x20, 0x00, 0x6f, 0x00, 0x72, 
    0x00, 0x20, 0x00, 0x69, 0x00, 0x6e, 0x00, 0x76, 0x00, 0x61, 0x00, 0x6c, 0x00, 0x69, 0x00, 0x64, 
    0x00, 0x41, 0xac, 0x3b, 0x0b, 0x1a, 0x1c, 0x00, 0x00, 0x00, 0x03, 0x00, 0x00, 0x00, 0x00, 0x00, 
    0x00, 0x00, 0x14, 0x00, 0x00, 0x00, 0x0c, 0x00, 0x00, 0x00, 0x00, 0x00, 0x00, 0x00, 0x20, 0x0e, 
    0x00, 0x41, 0xcc, 0x3b, 0x0b, 0x1a, 0x1c, 0x00, 0x00, 0x00, 0x03, 0x00, 0x00, 0x00, 0x00, 0x00, 
    0x00, 0x00, 0x14, 0x00, 0x00, 0x00, 0x0c, 0x00, 0x00, 0x00, 0x00, 0x00, 0x00, 0x00, 0x20, 0x0e, 
    0x00, 0x41, 0xec, 0x3b, 0x0b, 0x01, 0x6c, 0x00, 0x41, 0xf8, 0x3b, 0x0b, 0x5d, 0x02, 0x00, 0x00, 
    0x00, 0x56, 0x00, 0x00, 0x00, 0x74, 0x00, 0x72, 0x00, 0x61, 0x00, 0x6e, 0x00, 0x73, 0x00, 0x66, 
    0x00, 0x65, 0x00, 0x72, 0x00, 0x46, 0x00, 0x72, 0x00, 0x6f, 0x00, 0x6d, 0x00, 0x20, 0x00, 0x66, 
    0x00, 0x61, 0x00, 0x69, 0x00, 0x6c, 0x00, 0x65, 0x00, 0x64, 0x00, 0x3a, 0x00, 0x20, 0x00, 0x69, 
    0x00, 0x6e, 0x00, 0x73, 0x00, 0x75, 0x00, 0x66, 0x00, 0x66, 0x00, 0x69, 0x00, 0x63, 0x00, 0x69, 
    0x00, 0x65, 0x00, 0x6e, 0x00, 0x74, 0x00, 0x20, 0x00, 0x61, 0x00, 0x6c, 0x00, 0x6c, 0x00, 0x6f, 
    0x00, 0x77, 0x00, 0x61, 0x00, 0x6e, 0x00, 0x63, 0x00, 0x65, 0x00, 0x41, 0xdc, 0x3c, 0x0b, 0x01, 
    0x3c, 0x00, 0x41, 0xe8, 0x3c, 0x0b, 0x31, 0x02, 0x00, 0x00, 0x00, 0x2a, 0x00, 0x00, 0x00, 0x4f, 
    0x00, 0x62, 0x00, 0x6a, 0x00, 0x65, 0x00, 0x63, 0x00, 0x74, 0x00, 0x20, 0x00, 0x61, 0x00, 0x6c, 
    0x00, 0x72, 0x00, 0x65, 0x00, 0x61, 0x00, 0x64, 0x00, 0x79, 0x00, 0x20, 0x00, 0x70, 0x00, 0x69, 
    0x00, 0x6e, 0x00, 0x6e, 0x00, 0x65, 0x00, 0x64, 0x00, 0x41, 0x9c, 0x3d, 0x0b, 0x01, 0x3c, 0x00, 
    0x41, 0xa8, 0x3d, 0x0b, 0x2f, 0x02, 0x00, 0x00, 0x00, 0x28, 0x00, 0x00, 0x00, 0x4f, 0x00, 0x62, 
    0x00, 0x6a, 0x00, 0x65, 0x00, 0x63, 0x00, 0x74, 0x00, 0x20, 0x00, 0x69, 0x00, 0x73, 0x00, 0x20, 
    0x00, 0x6e, 0x00, 0x6f, 0x00, 0x74, 0x00, 0x20, 0x00, 0x70, 0x00, 0x69, 0x00, 0x6e, 0x00, 0x6e, 
    0x00, 0x65, 0x00, 0x64, 0x00, 0x41, 0xe0, 0x3d, 0x0b, 0x0d, 0x17, 0x00, 0x00, 0x00, 0x20, 0x00, 
    0x00, 0x00, 0x20, 0x00, 0x00, 0x00, 0x20, 0x00, 0x41, 0xf8, 0x3d, 0x0b, 0x31, 0x64, 0x00, 0x00, 
    0x00, 0x02, 0x01, 0x00, 0x00, 0x00, 0x00, 0x00, 0x00, 0x20, 0x00, 0x00, 0x00, 0x02, 0x41, 0x00, 
    0x00, 0x02, 0x41, 0x00, 0x00, 0x02, 0x09, 0x00, 0x00, 0x00, 0x00, 0x00, 0x00, 0x20, 0x00, 0x00, 
    0x00, 0x41, 0x00, 0x00, 0x00, 0x20, 0x00, 0x00, 0x00, 0x20, 0x00, 0x00, 0x00, 0x42, 0x00, 0x41, 
    0xb4, 0x3e, 0x0b, 0x02, 0x04, 0x41, 0x00, 0x21, 0x10, 0x73, 0x6f, 0x75, 0x72, 0x63, 0x65, 0x4d, 
    0x61, 0x70, 0x70, 0x69, 0x6e, 0x67, 0x55, 0x52, 0x4c, 0x0f, 0x2e, 0x2f, 0x57, 0x4d, 0x41, 0x53, 
    0x2e, 0x77, 0x61, 0x73, 0x6d, 0x2e, 0x6d, 0x61, 0x70, 
    
];
